,XLK,XLF,XLE,XLV,XLY,XLP,XLU,XLI,XLB,XLRE,XLC
2025-01-03,,,,,,,,,,,
2025-01-06,,,,,,,,,,,
2025-01-07,,,,,,,,,,,
2025-01-08,,,,,,,,,,,
2025-01-10,,,,,,,,,,,
2025-01-13,,,,,,,,,,,
2025-01-14,,,,,,,,,,,
2025-01-15,,,,,,,,,,,
2025-01-16,,,,,,,,,,,
2025-01-17,,,,,,,,,,,
2025-01-21,,,,,,,,,,,
2025-01-22,,,,,,,,,,,
2025-01-23,,,,,,,,,,,
2025-01-24,,,,,,,,,,,
2025-01-27,,,,,,,,,,,
2025-01-28,,,,,,,,,,,
2025-01-29,,,,,,,,,,,
2025-01-30,,,,,,,,,,,
2025-01-31,,,,,,,,,,,
2025-02-03,,,,,,,,,,,
2025-02-04,,,,,,,,,,,
2025-02-05,,,,,,,,,,,
2025-02-06,,,,,,,,,,,
2025-02-07,,,,,,,,,,,
2025-02-10,,,,,,,,,,,
2025-02-11,,,,,,,,,,,
2025-02-12,,,,,,,,,,,
2025-02-13,,,,,,,,,,,
2025-02-14,,,,,,,,,,,
2025-02-18,,,,,,,,,,,
2025-02-19,,,,,,,,,,,
2025-02-20,,,,,,,,,,,
2025-02-21,,,,,,,,,,,
2025-02-24,,,,,,,,,,,
2025-02-25,,,,,,,,,,,
2025-02-26,,,,,,,,,,,
2025-02-27,,,,,,,,,,,
2025-02-28,,,,,,,,,,,
2025-03-03,,,,,,,,,,,
2025-03-04,,,,,,,,,,,
2025-03-05,,,,,,,,,,,
2025-03-06,,,,,,,,,,,
2025-03-07,,,,,,,,,,,
2025-03-10,,,,,,,,,,,
2025-03-11,,,,,,,,,,,
2025-03-12,,,,,,,,,,,
2025-03-13,,,,,,,,,,,
2025-03-14,,,,,,,,,,,
2025-03-17,,,,,,,,,,,
2025-03-18,,,,,,,,,,,
2025-03-19,,,,,,,,,,,
2025-03-20,,,,,,,,,,,
2025-03-21,,,,,,,,,,,
2025-03-24,,,,,,,,,,,
2025-03-25,,,,,,,,,,,
2025-03-26,,,,,,,,,,,
2025-03-27,,,,,,,,,,,
2025-03-28,,,,,,,,,,,
2025-03-31,,,,,,,,,,,
2025-04-01,,,,,,,,,,,
2025-04-02,,,,,,,,,,,
2025-04-03,,,,,,,,,,,
2025-04-04,0.6341112888125658,0.4585805066012599,0.5286901107750649,0.24348645730434124,0.506655303909185,0.19624542848487522,0.28081813810539286,0.4415190397721965,0.4008465803195738,0.31017055679125594,0.42089165098339404
2025-04-07,0.6573501819782616,0.4769220878090975,0.5473138956279561,0.24766348947616285,0.520267463934103,0.2008236251412642,0.286689767747027,0.4578384336007384,0.4210159237884204,0.31917986845669705,0.43882499474478953
2025-04-08,0.7269740053518098,0.5253245872205672,0.6076663064151144,0.269873981473019,0.5807978798212442,0.21538306812640504,0.30892148912991824,0.5071135959681614,0.47651825809690573,0.36058017649955637,0.48502464016266966
2025-04-09,0.4600944051348051,0.3181553944859549,0.38514741195480157,0.20449620411384248,0.3760895206234169,0.19713524741535568,0.22951927117236792,0.32010765480756187,0.315029876267198,0.25318332994008397,0.30885106685312086
2025-04-10,0.5432528100232255,0.36850639982507827,0.45991517928796444,0.23297524736795308,0.44277242468920813,0.20563898097262015,0.2458467390027966,0.3729834310220388,0.3680828198233594,0.28432795537245786,0.36655880955964965
2025-04-11,0.5023451212789771,0.3406765003506037,0.4371054831331128,0.22398084144559485,0.4101304399804651,0.1997451127988415,0.2377742577128541,0.3469796574315189,0.34813254172716585,0.26528458466581956,0.3375515595512592
2025-04-14,0.4183957552963671,0.2897678047506865,0.3783565115008505,0.2014102041159565,0.34285847106659545,0.19261135981158906,0.22119123973806373,0.29021580201154823,0.29223291764297843,0.23750008167850484,0.28191537397254773
2025-04-15,0.408931402581448,0.28302085704326857,0.37133743860047264,0.1982536083786523,0.3354630108444581,0.19251337930590803,0.2178276999497076,0.2828652816682996,0.2853635243574516,0.23357371649999106,0.275616428590047
2025-04-16,0.4427426722300156,0.2985437239486667,0.39015523927612566,0.2071533268273118,0.3581072288140268,0.19733078219121095,0.22318786690882297,0.3043515890329826,0.3044404675177899,0.24430527350037504,0.29898519696460113
2025-04-17,0.40521212741970764,0.2760308258686507,0.36977219863433797,0.1974394791174378,0.32930467356689597,0.19657238623931575,0.21060870077041555,0.27826128656285115,0.28081609537318086,0.229095445033654,0.2743712421137282
2025-04-21,0.45538411024600267,0.3077370084072815,0.40305023186046357,0.2148208929288113,0.369500164057546,0.20352536754505718,0.22649091066854768,0.31429973314015275,0.3126954222865866,0.2504619293566853,0.3098057703872983
2025-04-22,0.4128310900414921,0.28737358199028384,0.37811374984560153,0.20278483057596242,0.33976006293134436,0.19935800700870474,0.22062984774934935,0.28258410896478037,0.28676199895176324,0.23440858619085628,0.28350927984279584
2025-04-23,0.3864374336470146,0.2712586613690549,0.35929185445919914,0.19537756379537247,0.3208432755092536,0.1962622944010196,0.20970269036302702,0.26496061361346285,0.2691092560519861,0.22151552150533,0.26575490708451477
2025-04-24,0.36520556546213506,0.2556074298510852,0.3439505925307311,0.1875890308212204,0.3011852674506726,0.1948518793840187,0.20376013748365188,0.2489424919502889,0.25484947654294304,0.21180607096878531,0.24977471136847237
2025-04-25,0.34558173789565855,0.24404217922562924,0.33184182721665684,0.18248546845226402,0.28713132428450777,0.1929207912041767,0.198677453956664,0.23536029382424842,0.2432595761085853,0.20502257854898331,0.2354604019526912
2025-04-28,0.3396735732518866,0.244470101181423,0.3346142258121736,0.17645728097279742,0.28927721548552443,0.18514499136327542,0.19528204545872913,0.23789398336934078,0.24560718735969686,0.20510984683965464,0.2375361882832803
2025-04-29,0.32476029276629026,0.23781460429641482,0.3269502994715017,0.17252782886166615,0.27998934090420247,0.18100307974163904,0.19043526968929617,0.2293685642313735,0.2384398409610647,0.19930431383167896,0.22962823141049069
2025-04-30,0.33126017181940826,0.24173785342601675,0.33490640544198574,0.17502225711197672,0.28562085326874437,0.18212833183569202,0.19211800127834291,0.23421208489314105,0.24266101379387917,0.20053600955793524,0.23370838970893537
2025-05-01,0.3307564901879507,0.2404721136338707,0.33408436196895713,0.1825898731548189,0.2840905659811324,0.18238479077251266,0.18800272063220375,0.23279535246271638,0.2416985768014642,0.19878484530388774,0.2328790426334193
2025-05-02,0.30707444368540904,0.22796010809850747,0.3170483542742289,0.17784277289009023,0.2654931041717279,0.17896750838132833,0.18298576669280023,0.21761904038497645,0.22804550446306276,0.19105975866873734,0.21668877970750852
2025-05-05,0.3182677778582545,0.23503961878402893,0.3243355196914133,0.1803817663202247,0.2746555375940438,0.17997624688222982,0.18495146155734457,0.22512234982625756,0.235149740909425,0.1950804341257111,0.224768475720418
2025-05-06,0.3312561585565051,0.24311752013016535,0.3301212083378725,0.19075099809451143,0.28493732958334883,0.180317886414259,0.1883550340423997,0.2345799093165302,0.2436061603484775,0.2001053700820995,0.23396551274748428
2025-05-07,0.31601383426878377,0.23367445288530947,0.3216918977297779,0.1865485179129906,0.27245663773248097,0.17842322787074355,0.18456795906764417,0.22466004923363878,0.23494475586123234,0.1928976780566117,0.2227482828056833
2025-05-08,0.30310990177868374,0.22566292563406165,0.31260357814459744,0.18342775263398378,0.26244384019028777,0.1770209659021364,0.18308118719023464,0.21669949250067358,0.22797221317310132,0.18890875336080767,0.21356603942198724
2025-05-09,0.29622663513436365,0.22157287056104388,0.3093953693628694,0.1827107863022046,0.25592063212457034,0.17675498360182473,0.181775765483935,0.21205470219486236,0.223424794709865,0.18701484094237927,0.20890403298213575
2025-05-12,0.25455451545809965,0.19480979394795825,0.28398990668381374,0.1749390230479743,0.2269638414548093,0.17286910078795745,0.17619790758301107,0.18372839720238468,0.1981039147412307,0.17484255173362573,0.1788474535261573
2025-05-13,0.2543828002779506,0.19359299839860908,0.28319808656119194,0.1858083057576804,0.22473942120054835,0.17439777237908136,0.17581225446047044,0.1823929865067132,0.19740753181977955,0.17696013221541576,0.1778099118921475
2025-05-14,0.25933012203390426,0.19640465531495552,0.28251907584003605,0.19227272922126423,0.2286149271842022,0.17514274030420124,0.17679051367976484,0.1857385630289103,0.20078424260722744,0.17858352304353423,0.18115826552673245
2025-05-15,0.25003403665291896,0.19128345473777889,0.27779311228839376,0.19218201715313527,0.2209653612850873,0.1778577637442961,0.17967310091443328,0.17969048499382884,0.19489255476251036,0.17898648100037573,0.17458865575333762
2025-05-16,0.24312253206138115,0.18734585682721488,0.27436382666743925,0.19367523218986968,0.21557036843853689,0.1772136876173394,0.18004309280474573,0.17532048838040099,0.191373296186613,0.17803511712494208,0.16946172322090353
2025-05-19,0.2533829041082088,0.1930658974473466,0.27987774672051946,0.19680831783526967,0.22397636887219044,0.1780051034659442,0.18102078381426953,0.1822207919385391,0.19603419744440295,0.1808269089305336,0.17624400742634944
2025-05-20,0.2527668613313129,0.192847406719614,0.27946060752250323,0.19513546518650107,0.22350913666622862,0.1775488456209332,0.18088236108520703,0.18186394548902995,0.19394772321654682,0.18084843008607837,0.17583848299474641
2025-05-21,0.2855742763817172,0.21141340467119996,0.29583228595113753,0.204131010966389,0.2504653831376702,0.18095891062189218,0.18821537506028907,0.2045170610578247,0.21299023577323153,0.1938355509651491,0.19827762066927107
2025-05-22,0.2776577278983548,0.2074090151901259,0.2917096816295945,0.20303834779725122,0.24343278419912914,0.17811102565562212,0.18928767756067014,0.19820108376509216,0.20833797230176543,0.19196683601838718,0.1936414400833677
2025-05-23,0.3011181907114899,0.2214036610345257,0.3052883241773819,0.20739870923079845,0.2633220621276387,0.1805335734126927,0.19496093366152847,0.2145583075825188,0.22248956703640835,0.19888492175295572,0.20996761792559276
2025-05-27,0.2604008336486407,0.19759656660771774,0.2828640301693361,0.19744151853597525,0.23200527169687263,0.17432687255360496,0.18834585959721187,0.18666650176127134,0.1981136458429028,0.18589615679124194,0.1808454799955944
2025-05-28,0.2636988173959226,0.2000689403755014,0.28525257559129774,0.19805388642874924,0.2353987893949132,0.17064232610020724,0.19059243105640114,0.18952749256004783,0.20154653238332426,0.18693907405275506,0.18371782890404145
2025-05-29,0.2581374473433243,0.1971911853428078,0.28282015982804537,0.1981689896227372,0.2343923605116279,0.17051397380369313,0.18707025279321263,0.1884625907828651,0.2007968630657855,0.18591954033644642,0.18410858584148304
2025-05-30,0.2512751784212338,0.19170961564769573,0.27916071621124233,0.19619172200793392,0.22871468624820568,0.16966007419600315,0.18600609894544418,0.18359834573816378,0.19676548080428288,0.18385496075397212,0.17936313724509276
2025-06-02,0.24712792310161996,0.1904328194942757,0.2751586436169456,0.19404030750499054,0.22676667958159888,0.16844599877926988,0.1853463410964125,0.18228640686205722,0.1946508341453098,0.18020842619347271,0.17793427402516648
2025-06-03,0.23934579663352207,0.1767312157553577,0.27177385494666934,0.1922412477893277,0.21978947417360006,0.16523669870391636,0.18219731815999107,0.17513213958176008,0.19022492118255144,0.17773963067445708,0.17312967286314784
2025-06-04,0.23841424776446815,0.17657274226421077,0.27058813978932894,0.19157332687135534,0.21875903675798725,0.1657278180952332,0.18446464089744266,0.17385189267875706,0.18588023644171425,0.17733772318193816,0.1726463049653957
2025-06-05,0.24769303401718953,0.18272408986497574,0.27438554043766794,0.19368026276980643,0.2302950788926856,0.16715013586260866,0.18286386811729358,0.18114213275914864,0.19183158698367478,0.17612086300517926,0.17944551486663649
2025-06-06,0.22678506870839937,0.1697454961603247,0.2632010116492444,0.189699903441042,0.21411188986282745,0.16520517400314602,0.1772692418263545,0.16666214745857488,0.18015164126582278,0.16994582104674857,0.16626843592180457
2025-06-09,0.22878719667091482,0.17308510945277739,0.25992569214075484,0.1908704601887332,0.21665999156998247,0.16546385444053632,0.17463788340055122,0.17041711895491293,0.1835338012943779,0.17146440295816376,0.16921687983733485
2025-06-10,0.22635953243675241,0.17153472297478045,0.26026533926119216,0.19122082838115873,0.21511550970346555,0.1633297030921264,0.1736853215629504,0.16828613559506272,0.18217866123329554,0.1707729202631366,0.16734097465156927
2025-06-11,0.2291450471715005,0.17371760462648983,0.2647552884751045,0.19096029014530427,0.2183216562240763,0.15695250874792047,0.17392772289250708,0.17059928336719635,0.18433497053319312,0.17167829622074843,0.1697562233640954
2025-06-12,0.2379174348660085,0.17945642564065123,0.27007587280979684,0.1937151470008131,0.22394700453467997,0.1581583339165329,0.1761784570432962,0.17731061742873727,0.18921499206804712,0.17231220457757196,0.1753050110907126
2025-06-13,0.2706173369127536,0.2015077276445797,0.292817836901305,0.20208752242437533,0.2503708932695794,0.1632073005870708,0.1798033168742546,0.20046656063730492,0.21005179329677154,0.18158871716924535,0.19743044906330146
2025-06-16,0.25066665932585946,0.18841375927727147,0.28024737656535,0.19583596296365946,0.2340226699657231,0.15874045858620933,0.1770670883016629,0.18545120089277908,0.1968261993206348,0.1725673096426967,0.1851484291230281
2025-06-17,0.27993498299170194,0.20720051484071444,0.29883025584414186,0.20467059611736912,0.25812375507941115,0.16177325529286626,0.18222763864613423,0.20628405410387535,0.21545778342098978,0.18210479360334472,0.20442402036680363
2025-06-18,0.2625879582757858,0.19581200622326594,0.2879947216811603,0.2000943444452198,0.2431422056314059,0.15964391925169413,0.1793810398605883,0.19383884706985355,0.2046131390052563,0.17648299954959704,0.1925732302342773
2025-06-20,0.26813823374898854,0.1995557194405922,0.29217181217042076,0.20152930770897956,0.2477664941564965,0.16081513036881362,0.1802075743445231,0.19769111807657533,0.20829176477580438,0.17834511025435903,0.19668777423512562
2025-06-23,0.25862317617462216,0.19387728111563207,0.2927381746090314,0.19902322419041937,0.24136020044273773,0.16073503047253324,0.17915612558296615,0.19117323223986687,0.20168871796581955,0.17552052482616473,0.19027088102133455
2025-06-24,0.23145965130189858,0.17670895162502617,0.2806028517778805,0.1931191264358662,0.21463534536816706,0.15779701557754028,0.17438209353593337,0.17151490184089074,0.18447820823297653,0.16638304411918406,0.17225416471144883
2025-06-25,0.22340653905571714,0.1713862961247345,0.2762946131780106,0.1896109437981311,0.20917819003628807,0.15813348139637204,0.17189296457921918,0.16686924204496567,0.18033230438152234,0.16933090376118148,0.1652984799217732
2025-06-26,0.22000641862225176,0.17004431762115235,0.27418648341524887,0.18909406692135083,0.20770560221002182,0.1536660474079487,0.17079167351104968,0.16591970026490271,0.17854164537392198,0.1684650281248275,0.16452719089774218
2025-06-27,0.21670293348330474,0.16807425450647026,0.2726943479699733,0.1882171523180659,0.2067683634413962,0.1515152706922296,0.17030057735002146,0.16398299142999864,0.17658335947352272,0.16760909202572963,0.16310834748819314
2025-06-30,0.2215361969885042,0.1712095453375033,0.2746214289630486,0.18936540316380862,0.20919180934175977,0.15234840385912454,0.16902097026289353,0.1667426453946081,0.1797061370471947,0.16861834753329058,0.16287189434152052
2025-07-01,0.22323727126197512,0.1715900506126267,0.27548668193749565,0.1914733623443697,0.2101656614293428,0.1519848725431111,0.16844232548404825,0.1676002983326633,0.18741415024469246,0.1688202675376228,0.16434453875996957
2025-07-02,0.22113515196824646,0.17024579513280128,0.2759705438248471,0.1885659410512301,0.20803551085583674,0.15177544030001647,0.16930132735462958,0.16606702466903858,0.18765420471726452,0.16815583053302943,0.16335346597660158
2025-07-03,0.21825843187077454,0.16854335609666715,0.27442767340876234,0.1874881752235252,0.20383899872560332,0.151251970290409,0.16900344499031666,0.163820291202478,0.18600481197236174,0.16722260199130654,0.161339979317114
2025-07-07,0.23030070083487245,0.17627794418276738,0.2686647445110451,0.1909227818375432,0.21296960807889126,0.1490916245866196,0.17180417292276698,0.16907856158810214,0.19548135927228208,0.1725178494796573,0.1716903423058712
2025-07-08,0.2212492575779954,0.14855285702626633,0.24118492991836757,0.17870074205005257,0.20980965645974017,0.13681503714903578,0.15152844794717582,0.15123608654885765,0.18243315787734746,0.1641834703768808,0.15964501619550212
2025-07-09,0.21100253107697395,0.14275754107824504,0.2377912722741066,0.17605947804431551,0.20022510023337523,0.13465433115454079,0.14739327285296042,0.14442052862659907,0.17395929441131291,0.1542033130571852,0.1533262590153706
2025-07-10,0.2094186456382652,0.14213395056076025,0.23550840364071035,0.17597046836081498,0.1980395275611166,0.13230018907370464,0.1477742904123987,0.14367019320255456,0.16639763747539504,0.1487396585827034,0.15248926714948996
2025-07-11,0.21425664540355083,0.15506895740489876,0.24068137788246705,0.18797123416859504,0.21184707233847036,0.12756562542316718,0.1491663182237301,0.14438108141742514,0.16725351867306051,0.14774687027992717,0.156207816869689
2025-07-14,0.23109249378780272,0.17121503775456184,0.21147984980087525,0.19563884752311206,0.23315489174175133,0.13149681819720188,0.15523258008617535,0.1594877872202239,0.1752084401976742,0.15142699851336872,0.16470062528015422
2025-07-15,0.23342434808382043,0.17671828006064053,0.20978451233560494,0.19879187690157013,0.2410258220880734,0.13122717742186452,0.15625344618624112,0.1614136778571028,0.17460695815588326,0.1531905259558512,0.16994168300481813
2025-07-16,0.23150197557606775,0.17481069362676266,0.2104070144767918,0.1979003266642595,0.2395075897246683,0.12636782173424593,0.15186836931832198,0.15935901093473,0.17221987212273523,0.147707475431972,0.16858045520076842
2025-07-17,0.224449806371837,0.17061656343722992,0.20913361730179833,0.19569468251581335,0.23115716359270563,0.12582078684264683,0.15061351224220126,0.15411671994425857,0.16767705351653608,0.14600242342829015,0.16387443911479743
2025-07-18,0.2166486107372481,0.17329163507647766,0.21290002401924618,0.19919028381087425,0.2330672005126504,0.12461834447970253,0.15367701261024933,0.1568231355001948,0.17177522381780938,0.14903693065135853,0.15715689549727602
2025-07-21,0.21850868072644564,0.17567975914137252,0.21077614589504623,0.20037376026529644,0.23592836799825156,0.11760103148933167,0.1532520935527703,0.15971749747765335,0.17320190731976895,0.14704016245162427,0.16013243064011468
2025-07-22,0.221178058561154,0.17612592741768826,0.204041891391026,0.20219996511351462,0.2386118547900146,0.11799827797266652,0.1451299743255491,0.15659374633488257,0.17689780739876004,0.14456487777463334,0.15601288233251512
2025-07-23,0.21395825802481144,0.15849048983583888,0.19789213334888714,0.20095464132067445,0.22582593522602906,0.11312979099569476,0.1343663188223648,0.15492477324425646,0.1677655129007266,0.13663513421100396,0.14428264334958785
2025-07-24,0.2096618527552742,0.15930258868398786,0.1992949690168697,0.2024923085805937,0.228676932914338,0.1135688463040558,0.1345063839552116,0.1564927248367642,0.17285277749777078,0.13778091097416523,0.14278431134804592
2025-07-25,0.19614517719713495,0.16051994832903305,0.19661474876185203,0.2017096307037838,0.22831062374745745,0.11397152279685527,0.13488524020026182,0.15164967113078096,0.168643842577533,0.1387551416354365,0.1392176792554756
2025-07-28,0.19575577312377396,0.16307542788429877,0.19782778805878268,0.20293391745636086,0.22677275011424058,0.11636058087311758,0.1371339277786499,0.1537648105445046,0.1729673269688877,0.14447449415885164,0.1407115993628029
2025-07-29,0.20565294499686948,0.17210874983092475,0.19984944882208572,0.2080229690153055,0.2390707070278968,0.11798048762818836,0.13878772490755772,0.16529586153881567,0.1798144346264226,0.1492015426674807,0.14865554598309363
2025-07-30,0.20023097597747713,0.16646784389388197,0.201679987922006,0.20505530244417983,0.2335661380647739,0.11741154077115307,0.1380782674124543,0.1617568195156389,0.1819322338268014,0.15040828366444914,0.14474885292344541
2025-07-31,0.21559866041021009,0.17820687334799712,0.19629907373460184,0.22009732322326064,0.24823153467451076,0.12033849363594225,0.13827969780910557,0.17193531883334567,0.19334388074678016,0.15906919126272714,0.15152592750021293
2025-08-01,0.2589867515106346,0.21466489824134025,0.21235941975444741,0.22775255624568497,0.2964220008085897,0.12300809564559372,0.1397663371403852,0.20424944058460542,0.21872913710586525,0.167070915283669,0.17471466775903838
2025-08-04,0.22744118414862818,0.18107833996108158,0.1991819694824988,0.21235588967128585,0.257491373943255,0.11814795675839378,0.14205362169233926,0.17363098378724842,0.19499088444662083,0.15695198974151642,0.15894456189067566
2025-08-05,0.23258521096565432,0.18352749804875695,0.194596545025071,0.21442011861829213,0.2588286562854478,0.11871509682765408,0.14465956781352785,0.17730014808859526,0.1952250647450658,0.15760404261959254,0.16385109026932737
2025-08-06,0.22068613193030545,0.17492249622017345,0.19333945284320964,0.19965766967105034,0.2505680847326499,0.12146597944537503,0.14413022437227196,0.16639025432992582,0.1877258338226606,0.15439488222316686,0.15834719037571154
2025-08-07,0.21768652702034363,0.17487226200342693,0.19329748381062656,0.19948257362377972,0.24758671793773485,0.1217646783585612,0.14499714180553888,0.1647006057764741,0.18613942885578907,0.15400448240120398,0.15767305067279982
2025-08-08,0.20101964592384092,0.1624684203595463,0.18913673956212995,0.19447603998450297,0.22825910421083848,0.11982868197040054,0.14305107645855455,0.14992116301330954,0.17510467999132148,0.15133850470748184,0.14827530562970304
2025-08-11,0.21483309617996274,0.17209333051002054,0.19147173869038686,0.19763114555324815,0.2413971092458753,0.12074245715244461,0.14435976178213158,0.15929501447873673,0.1820826666607401,0.15394005935384716,0.1543625152582768
2025-08-12,0.1911733536922057,0.17364054423466985,0.1811493657588103,0.18920699962974374,0.21324900025118257,0.1235869685446299,0.14816646534115446,0.1454245633485306,0.17863730053940002,0.15797199317842206,0.1563310016526079
2025-08-13,0.183334555377074,0.172027630919953,0.17992646873080229,0.183875090749994,0.21081830892520487,0.12085856507655594,0.14791081501987835,0.1433017196589782,0.1819528431532196,0.15670984142624433,0.15424704026926755
2025-08-14,0.18716494372590747,0.17530977499957534,0.17984420628423378,0.17892304742610685,0.21455857460083264,0.12285226219246734,0.14926025066305118,0.14714335462820638,0.18479524156097504,0.15774413849339944,0.1565299940796838
2025-08-15,0.19190575605190802,0.17932301501336362,0.1798127912438498,0.17951767789561093,0.2179145896229413,0.11569034255288609,0.14388063479989155,0.147880154927301,0.1849887350425304,0.15355034843540852,0.1580019568259679
2025-08-18,0.1918145091315653,0.1781357877049628,0.18033204562981334,0.17370718560221374,0.2160885333698729,0.11262223859827458,0.14075887164642437,0.14502320091382664,0.18362848059215933,0.15183157813241976,0.15798892251133015
2025-08-19,0.2035789615309519,0.1818453656731323,0.178744790733077,0.17413180926875965,0.22059237348909272,0.11413709071159232,0.14171756845357225,0.1477542281991474,0.1857517558522437,0.15529472444683187,0.1625455681044681
2025-08-20,0.2059074313962141,0.18189576820950662,0.17786796502348748,0.17479973942338062,0.22331208585235068,0.11468972568822118,0.14204354200918898,0.14827105135953608,0.18639414593919437,0.1549016036079338,0.16365113206376078
2025-08-21,0.2181657598551791,0.18819162353891242,0.1721236924416014,0.16829852253530098,0.2353408993704399,0.11545441054302384,0.13656558415286277,0.15238057794691823,0.1928307696433114,0.14194620288008902,0.17666293690962465
2025-08-22,0.18683362477926177,0.16604979351812904,0.17611913913124633,0.15898431564974197,0.2168637096009881,0.10902200305727655,0.12948054416686633,0.13729768224923888,0.1812494640719425,0.14185838822381028,0.15785042597902427
2025-08-25,0.19099568552744384,0.17329506693305086,0.17666583954148896,0.1652135732295268,0.22266134111993308,0.11731889138615614,0.1329278087529596,0.14499458040351798,0.1867028054966125,0.1441788992556368,0.1616462223026782
2025-08-26,0.1906272507418531,0.1765238611515755,0.17600292381930144,0.16427397261124738,0.21787877501702754,0.11639315652460654,0.13314191950488705,0.14561899409235105,0.18666336624517205,0.13912954643000283,0.16283402629718202
2025-08-27,0.19450008449573775,0.1790509958095627,0.1743022656888537,0.1646607722394841,0.2200083066840167,0.11586134403878275,0.12871133099822107,0.1475135158883346,0.18474024992993054,0.14019194036781232,0.16639128920438492
2025-08-28,0.19060841028058542,0.17437120360722105,0.17410171421084836,0.16262842427239757,0.21543290239568427,0.11511961701142531,0.1281922896220811,0.1443719120617246,0.18170460384285084,0.13807197548249295,0.16288192323569445
2025-08-29,0.20555558692814319,0.18073354929722735,0.17283427938013107,0.16428533151110347,0.22631930449944912,0.11508862513923829,0.1290355021952567,0.1537903333401424,0.1859697373939028,0.13891046013012967,0.16955698903079647
2025-09-02,0.22703484095614562,0.19922632760074166,0.1714714125712662,0.16871445038207453,0.24696011299924037,0.11763357115971214,0.1321575928214394,0.17144565899856906,0.19820582930493066,0.14882500737284102,0.18210953440914782
2025-09-03,0.21426951449570017,0.19054828115258937,0.1756687439264617,0.16582652536890286,0.23717959284941292,0.1163366239702881,0.1303258557867783,0.16224706457186533,0.18989590756420077,0.1472112170106781,0.18110147814412372
2025-09-04,0.20023606690163975,0.18031222854258958,0.1706896459431976,0.16280606179420984,0.2284427978017153,0.11344516423965556,0.12231637487291937,0.15580440377608487,0.18257599294195845,0.14605793280856533,0.17252641802167684
2025-09-05,0.1989949134479818,0.18628783565889706,0.17605567729416216,0.16235164053125298,0.21608496817715775,0.11075153803998838,0.12247395016533005,0.1562622776092518,0.18057687238355233,0.14658920947549992,0.17195793796955738
2025-09-08,0.2002991515632178,0.1845215343728898,0.1719157092512548,0.1606899603199275,0.21538621958815624,0.11069360541482967,0.12383903085887717,0.15599830563116662,0.18209150201307286,0.14724069103143864,0.17005406468346865
2025-09-09,0.19939789968640761,0.18354106432549797,0.17209482288930164,0.16080531388016,0.21425113089895836,0.11067768305919902,0.1236748181878972,0.15579943441654537,0.18408072753441931,0.14708905268148229,0.16943152931940633
2025-09-10,0.20681493344350432,0.18741485534147145,0.17184236512248777,0.16021555061015363,0.21693354676018742,0.11234063580159229,0.1287994416799705,0.16051181185688426,0.18544143862790402,0.14607725405144034,0.17009547648987894
2025-09-11,0.1973102039489266,0.18531510757909292,0.16975939178836552,0.16398397259281755,0.21324768955274753,0.11310882388013133,0.12844069840000075,0.15670164216467095,0.1864089610730758,0.14912116382742144,0.16823044961678868
2025-09-12,0.1970839154552172,0.1866772524134868,0.17018776200764227,0.16529271738493725,0.2140337415513034,0.11258538993452268,0.12628400898035663,0.15895857695966736,0.18823245952998652,0.14910683547085693,0.16850291125472244
2025-09-15,0.2078880560457872,0.18845939293699895,0.16845791758310194,0.16848223028850118,0.22890996565116373,0.11095973165479239,0.12661140474867918,0.16942414780847526,0.19235902528049262,0.14943099063097356,0.17907933004964138
2025-09-16,0.21324744647243515,0.19416275658860097,0.17167048546404265,0.17188692538246592,0.23650192057461406,0.11121400061774554,0.13558585107415108,0.17673220838043072,0.19609064966556913,0.15218633809017834,0.18134307943163636
2025-09-17,0.20882655880341836,0.1897966422034805,0.1717126161051199,0.16358955610124784,0.22437727336308658,0.10900159959145643,0.13206416563198514,0.17266749406810405,0.19077354095939003,0.15089561556142025,0.1746122951658413
2025-09-18,0.21251393464640775,0.1890076627103353,0.17098072452352645,0.1634165318968634,0.22300805657584594,0.11000841404967626,0.1319910380730963,0.17413717983355192,0.18998826866433788,0.15085319252298432,0.17376786934461289
2025-09-19,0.21015665316247065,0.1874069832736426,0.17186352790698006,0.16192799382450104,0.22078184427991068,0.10926059704422716,0.13263877309128974,0.17240752663297707,0.18697636406785054,0.15038463124231488,0.16999387165114718
2025-09-22,0.2210369678547673,0.19126755658329736,0.16785690552711266,0.16407260135771512,0.22180230116904187,0.10767306346843142,0.1316887898694072,0.1755624225105941,0.1882561095124934,0.1470411308235966,0.1726422357919766
2025-09-23,0.22566602411780018,0.19220375842762694,0.17010804847825514,0.16073197781769208,0.2341239871626375,0.108038847731709,0.13134771215105764,0.1788868242793945,0.19034323383296986,0.14633522934409215,0.17380446719913706
2025-09-24,0.2211221254037391,0.1871241590783776,0.16952659241089138,0.16033551141295135,0.22398087127186245,0.10459669764150625,0.12693978308455592,0.17379780103377857,0.1897863915270802,0.1389166169722685,0.17263395351171043
2025-09-25,0.22749044576138472,0.1911078035573963,0.16639874959824674,0.1676679221612204,0.23501157344962048,0.10688931296494188,0.12901601806481527,0.17774840387975904,0.1942904223925982,0.14093237209024864,0.17474007003188027
2025-09-26,0.21070294103029805,0.1788200071093987,0.1664980924680191,0.166691917077888,0.21809534645395787,0.10620379423852774,0.1321789798798582,0.16429926999336492,0.1891268502160994,0.14026351472377888,0.1629489135256563
2025-09-29,0.21961705478789983,0.1856939277260317,0.17120458346042808,0.16807786958345833,0.22932793179542846,0.10570584802893056,0.13310770779962197,0.1715869635650808,0.19479602984244765,0.14061609852816354,0.16826467642361448
2025-09-30,0.21982143631153736,0.18661494722085475,0.17207844495981517,0.17513895615754554,0.2304552225895234,0.10306290977282725,0.13333111805010145,0.17445827118121943,0.1912601697227755,0.1409806944861948,0.16737494339216497
2025-10-01,0.2197086690647951,0.1871508210007185,0.1680813415418756,0.18711907615542225,0.23030196754461815,0.10269123187465505,0.13427430430986748,0.17461346206662362,0.18710306050952719,0.14087536246693216,0.16948274776354494
2025-10-02,0.22213006125274237,0.1880929940010954,0.16977583721130468,0.1894331302066896,0.23700525135988357,0.10301597110078313,0.1337556852993561,0.17700485265635882,0.19285961881872826,0.14251744428246316,0.1728574359114049
2025-10-03,0.223990404464425,0.18733499281531915,0.16766646259578583,0.1881269192506458,0.23591904921154017,0.10316515224764966,0.1360820172160978,0.1800801058587018,0.19149699345672636,0.14064335428325142,0.1706053269572555
2025-10-06,0.2226164647437537,0.1826218623399454,0.16020083047004338,0.1872095569336578,0.23322731705015257,0.10216216217844104,0.1342513559072881,0.1779798940796513,0.18960533035075872,0.1408460695891379,0.167959515731805
2025-10-07,0.2347406777718205,0.1887725448699705,0.1607554877720334,0.18932491418990027,0.25059911277145724,0.10325486137231905,0.13322409946127317,0.1859756741666709,0.19408357629917986,0.1429930966300376,0.17555070439785322
2025-10-08,0.22857297231501666,0.17734760509979966,0.1591653180453865,0.18561686717628706,0.23645468061003372,0.10297792343304545,0.13188477999005588,0.17811059169899907,0.18816602143832686,0.14029978150934933,0.16678236573004052
2025-10-09,0.22951856552383074,0.17556415829753533,0.16270006333699846,0.1842378115980239,0.24002524642186934,0.10286496620072468,0.1323088365554712,0.18486955499482272,0.19138242739304553,0.14124624226581514,0.16740132398642368
2025-10-10,0.30885427167474494,0.20930697077301819,0.19341344016745093,0.19997228116904203,0.28437040910900707,0.10268868872521739,0.13601588848971086,0.22013127001386107,0.2186056152552978,0.15002834685470393,0.19547516168508966
2025-10-13,0.2801461502904688,0.17981059354331355,0.1861929307385903,0.1813158403817803,0.2551478801639303,0.10092895066488032,0.13054368370763353,0.1925101913616833,0.1983915472334316,0.14191312547366058,0.17236906913825872
2025-10-14,0.30746171999859967,0.19203667519022935,0.191123490294472,0.18340184512676785,0.2748557830014252,0.10590195949976143,0.13313194548404134,0.20751656025178503,0.20929547312283775,0.14326590052981844,0.18344214702212752
2025-10-15,0.30595618783561124,0.1881706443388839,0.1894678157609578,0.18341266732777975,0.2734073525623888,0.10435784371727161,0.13547343907094744,0.2031516495462194,0.2062793387568461,0.14748706660684555,0.18366574817584017
2025-10-16,0.36456537299373254,0.2410388556999038,0.20721861533729483,0.19534831940315833,0.32820686833442747,0.104989683495291,0.1453388557648053,0.2424154002338428,0.23685948249418132,0.15665937324752655,0.218307732746536
2025-10-17,0.30113589659518963,0.20679555227520094,0.19276274590282574,0.18283560494520187,0.2763903863441978,0.10827795842084705,0.13686147536819618,0.2030483990576665,0.20624277807497374,0.14875721693608462,0.1857135322141792
2025-10-20,0.2640662816490553,0.18880301428683477,0.18655665720849013,0.1747442621545314,0.24504697153415345,0.10664825983435018,0.13071751983634516,0.18377505108157474,0.19194447995702854,0.14298925031639753,0.17033135001695876
2025-10-21,0.2617769351095148,0.185524527857211,0.18140467408282798,0.16728183356819784,0.24361315154120708,0.10699788929166155,0.13278609639674224,0.17547434630043518,0.19064379682932955,0.14249785225222156,0.1685114691955166
2025-10-22,0.2726939378928637,0.1911981148905188,0.1825501024017936,0.16786175706111503,0.24932107998800393,0.10749126048581953,0.13409947541274353,0.1846104335233912,0.1932512270444014,0.14320935705620486,0.17531693225869718
2025-10-23,0.2571499089998161,0.17983230036202208,0.18214130170817916,0.16435587477810182,0.23320468401705852,0.10785272505851685,0.13177241543673102,0.17519407034760953,0.1856877509785606,0.14069041681797795,0.16542638252730224
2025-10-24,0.24609454265049407,0.1739202828179239,0.17813828277596344,0.16052203758652442,0.2199939168869732,0.10613034114025949,0.13031807672476792,0.1659752460644052,0.17587884214895716,0.13435948772929512,0.15736923406106285
2025-10-27,0.23950551973670042,0.16715800588794325,0.1756549019842032,0.15780421408458803,0.21352596606068153,0.10524218589973934,0.127908668092336,0.1574872473347423,0.17024540927379422,0.129684955670682,0.15387441519569467
2025-10-28,0.24913266380204735,0.17195420511375714,0.17536129492335448,0.15931707175271073,0.21930944111160744,0.1056795455953998,0.13312109789390328,0.16213521092845412,0.1676747372978841,0.13467456436033914,0.15847510386978453
2025-10-29,0.2553636701825784,0.17882017698080882,0.17649239980206666,0.14847879212761067,0.2247108742699582,0.11463600946261757,0.13412539901433457,0.16666750879627182,0.1725382016159885,0.14134611363810273,0.16303939854797292
2025-10-30,0.2546340159736575,0.16988167536580376,0.1702793030498385,0.1503680343200497,0.22712454948043065,0.11402030749750103,0.1370608744493183,0.16232159057444115,0.17599603282851226,0.141084498363876,0.16989038565537853
2025-10-31,0.2630560622396586,0.17414590442163003,0.17439856482100644,0.14765935074119027,0.24397878766395403,0.11367313099286654,0.13170159533625228,0.16820557289070145,0.17663268866961007,0.14007397543639724,0.1687703785687269
2025-11-03,0.25884140217347085,0.17284487423248682,0.17435224849256392,0.1466101844185117,0.2439679308277076,0.11457840041493196,0.12832965035848967,0.16732919378092576,0.17741524696215236,0.14020316681873557,0.16693132183600232
2025-11-04,0.2932009207177232,0.17621859533310993,0.18234758603113704,0.14596907848103335,0.26051621168993816,0.11180846059449268,0.13132943506479508,0.18339196903281935,0.18678748717317697,0.14094269891105707,0.1782066339004237
2025-11-05,0.2791648616108716,0.16862282073170437,0.17920743352152305,0.14134470149174747,0.25113426078200163,0.11017190195381205,0.12834865344031884,0.17597545784648488,0.18194964561068558,0.13962495413965434,0.1713052102532801
2025-11-06,0.3045928925052339,0.1727185254225795,0.17894337196977067,0.14123318021325587,0.2784359152973684,0.11010993759817746,0.13237111503266155,0.18555290480050252,0.1880338527783586,0.14244900530758672,0.18290928596428174
2025-11-07,0.29783957489006874,0.1711944338564749,0.17867650169483384,0.14061537202275126,0.2741413386968296,0.11452167444503683,0.13379613903642407,0.18237359577528492,0.1873816887879673,0.1435139314292128,0.1806489228156559
2025-11-10,0.2785069851468122,0.15714496191672844,0.17621396501886716,0.13843217782534886,0.2529885776868431,0.1145403751637345,0.12885593394474693,0.16551198511708404,0.1753915172144612,0.1402818877247992,0.16233779378275132
2025-11-11,0.27456769070147685,0.155406408080759,0.1757997074046685,0.14143561281870834,0.24729319018611548,0.11783320382778828,0.12828208715989173,0.16298588665239888,0.17007886851408047,0.14104474147161514,0.16022179944921908
2025-11-12,0.2777063317585373,0.15714280033507128,0.17894342123790552,0.14364402985003932,0.2504316204007193,0.11676224321758605,0.1276263329669126,0.16331565647030175,0.17042936543406229,0.1414749357617539,0.16230006058606491
2025-11-13,0.31287417544566787,0.16838653943637022,0.18045257280994553,0.14361431842784378,0.28279613823269645,0.1168708520364694,0.1374124767934741,0.18227596049997538,0.17935602996167033,0.14895655145416808,0.1801591427911608
2025-11-14,0.3104168355371351,0.16909398968223735,0.18194300663554108,0.1440371668024486,0.2811374181766906,0.1168439768450125,0.13656665228244716,0.18101221629453088,0.1791132715270147,0.14731984526629632,0.17886591717268988
2025-11-17,0.34433974558510627,0.19200893876819414,0.1947433702775026,0.14848576315102902,0.31226186291798175,0.11466883288694833,0.14037816731059097,0.203144640158156,0.19969521598214465,0.1521392213802674,0.19274909874606586
2025-11-18,0.3798121951684657,0.20371199474971544,0.19802435649133512,0.1510321698662806,0.3436344507566371,0.11467656264447329,0.1461764727932238,0.21959823950386395,0.21031265796865045,0.1558010081209733,0.2026309538937551
2025-11-19,0.36559112436855207,0.19825590084735772,0.19700703948193518,0.1483256053492922,0.3301547881858254,0.11468986258736168,0.14233637430130244,0.211897794589152,0.20590343593625,0.15300069779751138,0.19558485276640133
2025-11-20,0.42752021106029964,0.20480089774491794,0.1969423055085126,0.15341778433846168,0.34500072374001,0.11820341572092542,0.14858982284634847,0.23285941828055104,0.21465727017692815,0.14836087048224536,0.20926029287317294
2025-11-21,0.37565080054106015,0.19108071727391723,0.1921474346774566,0.15187603812792175,0.31657986911118424,0.1143573946481009,0.13789361313629295,0.2105484345119815,0.20874077518391007,0.14776845880397377,0.19872580083304883
2025-11-24,0.3324774374478742,0.1718882652018013,0.18457206069639256,0.14564520033400724,0.2792893515519792,0.11607998483191505,0.13547585179111377,0.18076975446379365,0.18764264353386134,0.14189924850227847,0.1801262540179736
2025-11-25,0.29880922555620837,0.16531584027721274,0.1795734811410947,0.15007784148672784,0.26189455017006674,0.11801601870729211,0.13114344565929306,0.16973118473131457,0.18116225806029188,0.13999333152599766,0.16959382735419
2025-11-26,0.27876822952866476,0.15982403082953353,0.17795797273765138,0.14732782533238034,0.24612814638749828,0.11901770841631287,0.13103451409820996,0.16035617887150133,0.176560533683137,0.13832663879795562,0.1602718290871982
2025-11-28,0.2646001178498076,0.15754905162356256,0.17924630852485418,0.14657191606423736,0.23614501811178706,0.1186675243229926,0.1298760833433865,0.15374975939545693,0.17353792893605893,0.13758446694282783,0.15662222319059638
2025-12-01,0.2764959812583009,0.16248406451401942,0.18126822182976482,0.15296650527879466,0.2458723515422809,0.11872061075383492,0.1415493859161656,0.16247374696608397,0.1777724950206098,0.1371426082094532,0.1633742461440856
2025-12-02,0.2682408791688008,0.15964424782986766,0.1771445322976808,0.15240714268672173,0.23885169365712217,0.11937751705631727,0.141287670642467,0.15945055262864832,0.17532060869521696,0.1363036312356858,0.15531411637023385
2025-12-03,0.2626218562931769,0.15821426807824351,0.1799087458284451,0.15178494094776246,0.23131102565851686,0.11936621126303856,0.14084091422471226,0.15555449441549143,0.17365261210708657,0.13475985070753246,0.15112365752030543
2025-12-04,0.2588926281729236,0.15165518652722237,0.17445845694940468,0.1525856021351142,0.22860574010473775,0.11950777453902504,0.140146584176623,0.15361129063879114,0.172329377521703,0.1331129314152202,0.14991079942511185
2025-12-05,0.2535254107710165,0.14994387300961126,0.17414972938972859,0.15235829455208236,0.2247157242714369,0.11928858337040836,0.13927418065507993,0.15112171819409423,0.17034297177250682,0.13199294069793643,0.1495401434252243
2025-12-08,0.27083888384938853,0.15573799064170774,0.1775263801783874,0.15712800498707213,0.24098957793056044,0.12028050822223452,0.1443091720763787,0.15909837979813377,0.17730966950120283,0.13465020640478081,0.15760596971517216
2025-12-09,0.27207616917626526,0.15732071411680132,0.1747015792495477,0.1582302865568609,0.24336156072563786,0.11887059354960311,0.14052665742336942,0.16114057409558324,0.17884418390958856,0.13567673659826401,0.1588372199585742
2025-12-10,0.25653463902191226,0.14957592891495175,0.17469332725840506,0.15474039946510207,0.2286357354704354,0.11785426784014892,0.1376953846814108,0.15708436790370323,0.1712875109021617,0.1288254594563879,0.14830119152965474
2025-12-11,0.24341782376649349,0.14967136584273416,0.17313427360417244,0.1516028891258996,0.218396743708061,0.1186391107312948,0.1365438131321234,0.15116431607913314,0.1701005253164072,0.12787468658461199,0.14199590153893116
2025-12-12,0.2631220117805498,0.1521548806538161,0.17583018900414987,0.1514023201347956,0.22301707325833742,0.11752430004842739,0.13821412922618312,0.15630899635284204,0.17279748603818118,0.12875614102898644,0.14209924068360852
2025-12-15,0.2752186003958147,0.1553410198580256,0.17505657980655687,0.15414632524755076,0.23118706249922077,0.11735562504262156,0.13512790613645145,0.16127223348480563,0.1768079903039319,0.12948855355623345,0.14614855354533632
2025-12-16,0.2742534987745631,0.15511103505753723,0.18652755509705643,0.1574654350683935,0.23052557099989995,0.11703944264189999,0.13548593240376558,0.16136984496632023,0.17675674237434516,0.13076880678886232,0.14582715866807966
2025-12-17,0.29123408295417913,0.15863563149645002,0.19098159111067986,0.1595060962611719,0.24249258856316924,0.11614469824901308,0.13849645572941716,0.17158450725284777,0.18042536445109822,0.13164529586700616,0.1522421551284683
2025-12-18,0.2807595112084596,0.1545410666627059,0.18992899827473453,0.1578299327670563,0.23678074401109922,0.11668333838492762,0.1379574445460672,0.16650090010504506,0.17595861514230995,0.130583540137201,0.1478740498330708
2025-12-19,0.2529857352010349,0.14656283198957476,0.18747629399143048,0.1545480100160677,0.21452029186803195,0.11479137884657994,0.13443679248408047,0.15303959381281268,0.1660586717677787,0.12796827573422143,0.1359849602940192
2025-12-22,0.24021072098674764,0.1450546280825477,0.18487438572731754,0.15348037981133902,0.20547874905328248,0.11453290791406132,0.1331923603696291,0.14922386931162224,0.1638515413705498,0.12724273845675865,0.13189383581414052
2025-12-23,0.23876230349730684,0.14457070151526116,0.18353896629925093,0.15296891928805356,0.20435917681377583,0.11484643051926584,0.13259279736594756,0.1480894808932562,0.16128938476214702,0.1255116675523034,0.13097730758253617
2025-12-24,0.23161296064510214,0.1428060600590777,0.18207256523843934,0.14726895638326754,0.19717360861262118,0.11424610023019423,0.13060699347405,0.14395626725822333,0.1564409766961796,0.12568527253815223,0.12867008070712435
2025-12-26,0.23409252563586033,0.1428789153481432,0.18137198429634738,0.1466347503879326,0.1968050962429831,0.11420213799383573,0.1266274532456392,0.14411251534903718,0.15588045830820882,0.12419788393605496,0.12802478443361293
2025-12-29,0.24259125500449866,0.14539613936590515,0.17950754105611524,0.14770700345176593,0.2034105588620722,0.11420540944418221,0.12731611534226728,0.14802962708913997,0.15937187147597945,0.12478653566853021,0.1309168728277078
2025-12-30,0.24458134007593316,0.145833485010219,0.17909928737312122,0.14120021650895817,0.20494485818483954,0.11409825279193035,0.1275318661936991,0.1483191544417015,0.1597159755450317,0.12466916578136086,0.13183544727497393
2025-12-31,0.25248560582887397,0.14813791577448399,0.18040929057178776,0.1301440338447257,0.21048692534481853,0.1147023063810451,0.12736135179624614,0.15321177936576755,0.162131637042647,0.12659792446518917,0.13247172069727747
2026-01-02,0.24578387586562117,0.14628426050047125,0.18324410443846978,0.1294834991128597,0.20625901842508915,0.1143852763030853,0.12890538434714974,0.15450963477417248,0.1619065959442887,0.12579982343487245,0.13056216802776077
2026-01-05,0.2500775683231974,0.15386731241629864,0.19143382658998936,0.12855404611224525,0.21221496234746337,0.11475518718533137,0.12873297357152005,0.15875433295311747,0.16479856365626025,0.12588244684936548,0.1333690289276043
2026-01-06,0.2483484461893901,0.15331964452190394,0.19840036870473324,0.13322488704253269,0.2099948654248307,0.11378207548731718,0.1272944952165624,0.1597041964536994,0.16873586763045972,0.1251654804306761,0.1322873156931563
2026-01-07,0.2570215678887091,0.1595836034587995,0.2009161201398931,0.1351563569668986,0.21273833985435522,0.11436720175866372,0.13686842154430842,0.16891690067232665,0.1760306656473707,0.12892120537410526,0.13564780689344758
2026-01-08,0.25782371866326037,0.16039208964418683,0.20997113277525373,0.1373161245602715,0.21633609676662383,0.12332792766504182,0.1361476584420439,0.1692705422989548,0.1794101891542763,0.12978832204026403,0.13654942420845423
2026-01-09,0.24520096899720456,0.15517217018630447,0.2062080961424473,0.1359560151200677,0.20751055255726925,0.12476213591092115,0.13757045718678873,0.1604606971723843,0.1744043528824449,0.12817233167695097,0.1302654446900633
2026-01-12,0.25677991800797095,0.15627641978572923,0.19716584396245918,0.13338980614901846,0.2184972869568198,0.12681263397686235,0.14185501194455874,0.1667394610100662,0.1773449379585923,0.12822010891739757,0.13498388583797596
2026-01-13,0.26861606316760334,0.16654130472927514,0.19717798352314753,0.13637725109863838,0.2252692851356104,0.12843404810231154,0.14317480839367427,0.17480398071784276,0.17993440861588655,0.1295863196371867,0.14183359306160864
2026-01-14,0.2793621474650479,0.16898763245442447,0.20113519095027113,0.13741607622290863,0.23705758074902036,0.12750566352837395,0.1437030110788405,0.1788938851419179,0.1829718931548907,0.1303732739172354,0.14602684226811705
2026-01-15,0.26535730121820406,0.16511112115824764,0.2019938088189883,0.1368338520237727,0.22792063754482836,0.1274892844601802,0.14068448292063299,0.1735257773408359,0.1786581546697469,0.12672296270685646,0.1395014889870169
2026-01-16,0.26891865169719487,0.15158145902540848,0.19969142897383274,0.13818843065699862,0.22791536235869125,0.12687347077848235,0.1390424111089924,0.1733443576832126,0.17851005282522062,0.12863088198382194,0.1389043371499078
2026-01-20,0.3265851649258405,0.180727374488409,0.20021306911742756,0.14195919715490235,0.27455579971624466,0.12499134379018523,0.14793159665740924,0.2103805524542908,0.19888717928819336,0.14198353870947217,0.16344153980842635
2026-01-21,0.2792072134274258,0.1609033942876513,0.20415872797547188,0.14148282955606326,0.2437525329262154,0.1245656306389348,0.14170262510960807,0.18686275836214186,0.1865234304780813,0.13469219581300887,0.14322731643878858
2026-01-22,0.2606118064306751,0.1554221493843998,0.20355477996431606,0.1396501674974704,0.2294827004641427,0.12414767926516385,0.13827812583569096,0.17556477812914886,0.17945639967510704,0.13396375216545955,0.13931887314860092
2026-01-23,0.2669274223547118,0.15970693479676812,0.2029504456485597,0.14093602157923232,0.23431048071624036,0.1245425016160046,0.1392310033349844,0.1770912342837946,0.1822617202343828,0.13460855118525364,0.1411134383587041
2026-01-26,0.26666238384737734,0.16082815684867782,0.20143889806414123,0.14129270900120952,0.23457590075823373,0.12407275771559279,0.14068541260869669,0.17517202437770088,0.18077175465466908,0.13472618611659568,0.14295086248860064
2026-01-27,0.27003726773594083,0.16017589504539556,0.20112431880492795,0.14592581104509136,0.23926777496271107,0.12395274602227885,0.14133550532532294,0.1782796520594636,0.18294054988376202,0.13473548081765432,0.1450630457859064
2026-01-28,0.2701028595935495,0.1613442562982112,0.2016390186696648,0.14740182403801952,0.24021171128060453,0.1259353163200885,0.14161480080124675,0.1812021837663876,0.1861253003355323,0.1362909099664967,0.14210261292138096
2026-01-29,0.2792506378118639,0.16451523434557547,0.20084080266829876,0.14796941725359572,0.2467424243343869,0.12414843781522933,0.1394033867448548,0.18566509179558316,0.18936359452789614,0.13231508425703528,0.15269114311222695
2026-01-30,0.29095413077879945,0.16355023211138386,0.2013758450044004,0.14719117225977557,0.25222095483431883,0.11775502864805303,0.14053199087533927,0.19024191078317643,0.19174943638707356,0.12066463776088027,0.1552757509148412
2026-02-02,0.2785480568559087,0.16300345503953814,0.20429135636382828,0.14687850126156818,0.23448189540754147,0.11933128243853028,0.14050283383423035,0.18629070511989632,0.18206023921005723,0.12152677056517654,0.14307518310232906
2026-02-03,0.3077297490181388,0.17331104796191169,0.21175784189854374,0.1524926766439201,0.2447293353840556,0.12283349393873391,0.14380704601121225,0.19630726769880935,0.18979432976944327,0.12451526403501932,0.15670724269802738
2026-02-04,0.32477341994464154,0.17589849506686492,0.2150560243777513,0.1542444628604223,0.2511765185759578,0.12333791861041905,0.14497691500683524,0.20040447604732475,0.19394491760249188,0.127958286024232,0.16058303369350535
2026-02-05,0.36623107336585453,0.20325450244387563,0.21555260386898126,0.16483114479228372,0.29047626528118564,0.12348738285404559,0.14859385842216644,0.221437522734462,0.2282097737332922,0.13591593333784782,0.17666027049439578
2026-02-06,0.35591366232732485,0.19672989673511415,0.2191897223636288,0.16768752085710198,0.2561378759301866,0.12385950239719612,0.14647322929965123,0.2199190725997345,0.22088073702364683,0.14178517556131637,0.15724320428310487
2026-02-09,0.3101243767759649,0.17873997532647193,0.21871569032463553,0.16164433268248182,0.21838105862896867,0.12433828438957761,0.14234806002598258,0.1965322571952312,0.20470249043842859,0.13520224621339846,0.14460194988847705
2026-02-10,0.31686626889674774,0.1818181003969551,0.2178699292261771,0.16365728009365574,0.22196318418082758,0.12234292716484055,0.1433461642750307,0.19972224510317296,0.20661079156549564,0.1356332970699402,0.1461371420328766
2026-02-11,0.31437711409843166,0.18842547187401051,0.22206475464028247,0.16377532542316486,0.2231203314706456,0.12398492788056269,0.1454165458242393,0.20497818872078394,0.2098174264075255,0.13776903658978942,0.14595427791439797
2026-02-12,0.3649833420707428,0.21552024973812797,0.22815780225315305,0.16294119101550972,0.2511276443060622,0.12333111791248616,0.14753186309105135,0.23219612924516303,0.23240139731594708,0.14025708079257906,0.16577032789094095
2026-02-13,0.3614223208535994,0.2129353165529024,0.225682123814664,0.16133632935690861,0.24878893485714698,0.12307368064136562,0.15710772382214855,0.23070406820804976,0.2311704472545887,0.14172886613004557,0.16437812013848452
2026-02-17,0.3599103001084338,0.21418263571345023,0.2278844185888213,0.1639539392865517,0.23876606199569692,0.1281507527298735,0.15218138183928362,0.22736586906953446,0.23394579860487089,0.1371046159753844,0.15919448797820104
2026-02-18,0.3497495668326116,0.20894984002209013,0.22874306507681985,0.1612743637821603,0.23314961369675863,0.12828230266680893,0.15509979006720456,0.2199469805819677,0.2277198127704147,0.1374688735361135,0.15540555661471864
2026-02-19,0.36022778317218446,0.2080703221244966,0.22323585509503072,0.16432824915622743,0.23998808500404262,0.1284197711291556,0.15646369914330852,0.22303553365188272,0.22683227217041022,0.1373569042421633,0.15929262583905293
2026-02-20,0.3389509894067918,0.20235234481021577,0.22316189754885746,0.1619366326261117,0.22484860922720037,0.1279956960757169,0.15589195697090344,0.21275162539507309,0.21985774216058418,0.1378730487336957,0.16118731624039853
2026-02-23,0.36855261055609767,0.23662953638149456,0.22170947762059803,0.16439679542424468,0.2507291093137989,0.1288905687170173,0.1554649025401169,0.23349749589306495,0.2297605751204504,0.1397306613381367,0.1752506616396192
2026-02-24,0.3406733487453816,0.22974546127354725,0.21757488328957833,0.159883880360145,0.2413338513136281,0.12809388839962568,0.15584335415032546,0.21836772844894825,0.21587406134878112,0.13730298398705784,0.1671903308357426
2026-02-25,0.3230588808935843,0.21984577280545617,0.21735034438473685,0.14742280399459987,0.21863171965226777,0.12955797912402425,0.15550776555191445,0.20057019371803764,0.19872084701124687,0.13084067602631252,0.15210533524563655
2026-02-26,0.33657977221754665,0.22928939083119437,0.2177286884577664,0.14943609048114703,0.224927567714895,0.12547775989073812,0.15408787984087288,0.21217369080002146,0.20791274088781014,0.1325000391745069,0.15387979324498563
2026-02-27,0.3663850181473144,0.24477590257792894,0.21876636535946678,0.1430505827797074,0.2276442779489243,0.12688256767831274,0.15549224525350697,0.2204487556240788,0.21094208474496276,0.13230227267104386,0.15533902726287982
2026-03-02,0.393554518603701,0.2583363562526404,0.2213797647697146,0.14725136577542403,0.24290000062502215,0.13176384226129612,0.15418901411263108,0.23580519374110914,0.2180929422981941,0.1339527281386215,0.16324841753012148
2026-03-03,0.42925198127326014,0.27195961475403074,0.22360992764601592,0.15538497201813398,0.2617223844102997,0.1332257218163728,0.1550390945288213,0.26536679937295327,0.24609263793439073,0.13764913750563604,0.1681753277619124
2026-03-04,0.39307558920134616,0.24938590432543362,0.2226745283285699,0.14623709045063354,0.24726396953778662,0.13427093148275618,0.14568178407524582,0.23550732808918645,0.2281456404695436,0.12895125360687285,0.158233570653809
2026-03-05,0.43184459558619215,0.2718405717028802,0.22126173219554246,0.1592868652526616,0.26928869580890774,0.13922516331499027,0.14683567304531733,0.26852633924935904,0.2536691894300024,0.13545524978824464,0.16925507237042597
2026-03-06,0.5282199364680291,0.3185524870372434,0.22050402471629338,0.17316145848426953,0.3266668311350495,0.1409985009226914,0.1492557524481206,0.3218274158490966,0.3041597887460559,0.15085201980269308,0.1978294203107565
2026-03-09,0.4615599147193916,0.275768955289338,0.21857298591293053,0.1672510013589849,0.28348848999282256,0.13905754871094708,0.14791784528346963,0.28104553850400477,0.2709533654168612,0.14278094016191056,0.1759750236751327
2026-03-10,0.4506373549661994,0.27146634180377666,0.2207678043205911,0.1671155543063066,0.27732156124893775,0.13908018580047193,0.14743705960279502,0.27730958668787126,0.2678935671918896,0.14208202270373813,0.17098761005280874
2026-03-11,0.44031776873122,0.2664493433415908,0.22211662669768245,0.1626142090846273,0.2676546422643683,0.14084636018793767,0.14504381382192813,0.2713006594781019,0.2593039347751799,0.1424300877507556,0.16671117847067202
2026-03-12,0.48274101830923505,0.2930022001663312,0.22185151251872745,0.17977071223271576,0.3050076343138314,0.14057743339720544,0.1446964384186971,0.3128330268978514,0.27315836096591833,0.148853794232918,0.18759140092966195
2026-03-13,0.4833367654213593,0.2862156779615616,0.221087357251975,0.17358868020843699,0.2988851434764498,0.14120702491386525,0.14527699411004344,0.30573209204092233,0.269057800627293,0.14831276841682395,0.1876944140086818
2026-03-16,0.4202189898556051,0.2511310119670693,0.22013871681422784,0.16384703258069466,0.2652732621071015,0.1401148564769844,0.14484260436985322,0.26692034981629936,0.23783067361518945,0.1427205537855375,0.17185107796536034
2026-03-17,0.3934517361481108,0.2494056412540791,0.21823670095609984,0.16356920611282116,0.2645572817234245,0.13935006272184153,0.14389560340016475,0.258347475889429,0.23436879828850515,0.14137747455287167,0.16845483978143733
2026-03-18,0.4263111709971382,0.27001693280489375,0.2176476436531599,0.17736064313453476,0.29898574614375767,0.14805710251982007,0.1459202255586406,0.27933548821925264,0.26149054818604595,0.15594635848411667,0.18744620879826923
2026-03-19,0.4098023736832657,0.2605938386691792,0.20629784231904472,0.17148752316896276,0.28947594992902775,0.14874955404479914,0.14567125471233497,0.27001015940588013,0.2576520582185722,0.1519597344220369,0.18282892343846976
2026-03-20,0.44936060576084325,0.27707433177531426,0.20532920565231727,0.18367003906808685,0.32042155427893443,0.15067301515543235,0.17738530035037214,0.29151485867246474,0.28810029540463844,0.1898031020811344,0.19603668758963894
2026-03-23,0.4347867180729269,0.27568538632001155,0.2043214445355743,0.18008749173736138,0.3200095307094849,0.1510308149143043,0.17701838121274127,0.28657115945817835,0.2909046524430325,0.19159113295914515,0.1928800825412329
2026-03-24,0.4425771569274199,0.28282590222043213,0.20690160702936297,0.18096480074654275,0.33670536820949193,0.15162561390290602,0.17955254287151967,0.29406401693920803,0.29965458476021256,0.20054472898098658,0.20349828363042996
2026-03-25,0.4175882750575745,0.26465660871374885,0.20583810378970524,0.177033631878946,0.32027088966866873,0.1518764947621151,0.17748886378034945,0.2774998055396834,0.29081792320939387,0.19107338366956245,0.19416263939740783
2026-03-26,0.45471138808404243,0.2701877455697974,0.20528199319752047,0.1803287886210492,0.3405851863022963,0.15381494192132453,0.17729871608475684,0.3070664406084446,0.300483753319928,0.19242254686574586,0.21837688188971463
2026-03-27,0.5035862355656922,0.30818154356248145,0.2051189112331299,0.20003523202608517,0.3918897967086945,0.15221693314305731,0.17722067574303965,0.33879238810616463,0.3199585358834887,0.20404419292007592,0.2434737561147289
2026-03-30,0.49935341520317217,0.3041198448556236,0.2067323144152615,0.19783665403110662,0.3864105621085265,0.15206544664847693,0.17693479530409967,0.3381017787267695,0.31576008983464954,0.20187406037197708,0.24028322132786753
2026-03-31,0.4099922247842089,0.2567083286432506,0.20872726205764192,0.1852620507833464,0.31841180326480345,0.1499935288532216,0.16935162248353688,0.28851816788701384,0.2636584352028272,0.18260854099060222,0.21737295286094932
2026-04-01,0.4005310267781461,0.25017905517553585,0.22683496784589477,0.1839855766264699,0.30998837651473915,0.15015639988067683,0.16929465027496465,0.28472967834191765,0.259516142002843,0.17970251461130618,0.21216090015068217
2026-04-02,0.39157988244153913,0.24548400785758656,0.22613513916912836,0.18128119747693516,0.3034744187123895,0.14956227316374213,0.16816660382057264,0.2775751843209447,0.2538535847919269,0.17887368596996972,0.20862507254770365
2026-04-06,0.39582095877488144,0.24837203851649534,0.22394215438517528,0.18120279107567644,0.30811591182540987,0.15071074404293167,0.16693247220336893,0.2769295372994157,0.2519553018343014,0.18001226894297007,0.21017091582636166
2026-04-07,0.4234366896736529,0.2524025830129789,0.2208310323738233,0.18848583822897957,0.32274251443260876,0.15499779064419084,0.16664515809401922,0.2907331419203112,0.2610349290401855,0.18620416027736586,0.21953909743788674
2026-04-08,0.34101440820710616,0.2241972826511291,0.22776051423423377,0.17115079115380755,0.2695400141928034,0.15955017801190438,0.16568732151236693,0.2540434438281216,0.23773710631093667,0.17207293036497007,0.19044255133754376
2026-04-09,0.3176487220223681,0.21133224782450805,0.2273697707628367,0.1641291880460601,0.2562491101049165,0.15766443806035804,0.1564955127631802,0.23601631108795662,0.22412943963390367,0.1645569490776328,0.18113185481549138
2026-04-10,0.3124233589341364,0.21009096206542066,0.22131746144654982,0.16429418982427124,0.2509084591320202,0.15371330546958464,0.15683810113625468,0.2334863763018864,0.22045173363744455,0.16324244339938013,0.17950441380159501
2026-04-13,0.31214867107318833,0.21383166997846892,0.2210977552331825,0.16430768323291808,0.2479464941612715,0.15354588906850805,0.15720647608007554,0.23068771621707387,0.2166309568517112,0.16293619282797425,0.1791995324436328
2026-04-14,0.29991197104095313,0.20643621104713047,0.2250924936975765,0.16151529752990015,0.2434400113714386,0.15162153690731942,0.15691445565748224,0.22078916981197394,0.2104418873567311,0.16109550207183415,0.17701660287085108
2026-04-15,0.29812091550519343,0.20177585774070766,0.22408023105344504,0.1605067384961856,0.24317119612895688,0.15019176481944557,0.15799923104836083,0.21892273812984392,0.20995860554461374,0.15967444673615058,0.17566789085640885
2026-04-16,0.2947336827902603,0.20047570567223102,0.2213701462201553,0.15978745799974847,0.23863211694628966,0.14798181739274804,0.15797339760014364,0.21759663768934412,0.20951007466521224,0.1589929791847106,0.17631380671338764
2026-04-17,0.2869590577736455,0.1966685697575039,0.22843713483879788,0.16108482467360447,0.23741871019099758,0.1500978515196812,0.15704008827296373,0.21514246340522536,0.2062253882622061,0.15941838323329433,0.1722031865865432
2026-04-20,0.3068554009131707,0.20613537160182538,0.23008083792835202,0.1664695275593249,0.25275946023378953,0.15034882072658304,0.15811874362895595,0.2266012679528781,0.2122847520538798,0.16258391952373308,0.17938507519751662
2026-04-21,0.317482100038497,0.20758640241075357,0.23411563270621571,0.1740116277720648,0.25915745582779737,0.1516891220318299,0.16110174017905213,0.23442870067494018,0.21806352114530547,0.1656024367921314,0.1860155660799276
2026-04-22,0.3124382425502889,0.2031858283289836,0.23076305060309288,0.16603944384439406,0.24805367932768874,0.15166499255518512,0.1610361625190366,0.22532176814822602,0.20965937506904495,0.16382773440009796,0.18165826510970967
2026-04-23,0.3201237514070181,0.20587897106857095,0.23188591252927016,0.16754142438933695,0.2520658756192115,0.15512216405429977,0.16831424621161034,0.23027273650986774,0.21109130534892565,0.16495122669162193,0.18169722788415074
2026-04-24,0.3161764309311538,0.19933220161901552,0.23075723091408176,0.16579539832207213,0.24550531657902383,0.15418988828323832,0.16795014126347294,0.22397607224350097,0.20728555290263165,0.1627241484984154,0.1788212898183258
2026-04-27,0.3061469379073808,0.1952381782116964,0.2296718080795513,0.16306308544009865,0.23883491697940282,0.15545811326140457,0.16743791263788987,0.21895362209033264,0.20450026147706565,0.1617675978520714,0.17454464621494395
2026-04-28,0.30459444971463373,0.19342499503394253,0.23095325268176045,0.1595984235714628,0.23685991940402842,0.1560368979851004,0.165684626079944,0.21827917656409107,0.20440858367558765,0.16182327070455327,0.1729139890443169
2026-04-29,0.3191659307529279,0.19963924998125573,0.23616541225121984,0.16317634509604215,0.2469658829213288,0.15498691681345106,0.16784121861287843,0.2259806743420647,0.20959793410151564,0.16371542271141012,0.178461870402876
2026-04-30,0.28629734825300723,0.185965974629269,0.23222650445564702,0.16296465426591514,0.226911339192736,0.1579074895730316,0.1747093261125486,0.21699604016806512,0.20179447234128822,0.16028646987880235,0.16109677972479097
2026-05-01,0.2853939992506262,0.18673043949621573,0.23410613064189245,0.16316963005073035,0.22824088906840562,0.1546121683431384,0.17528613316529199,0.21859327099158293,0.19976573676789233,0.1607126876248552,0.16180667648958344
2026-05-04,0.3035380557250615,0.19367165482802248,0.2321036786673911,0.16749509078078542,0.2422521719492217,0.15406189393311334,0.1729389000260321,0.22888776926068194,0.20711556728990493,0.16361841566634833,0.17003224301665698
2026-05-05,0.28931552109893577,0.18709608886236534,0.22233487344738342,0.1631861057350553,0.2323794007512415,0.15108626490574736,0.1708827798521579,0.2229417838286738,0.2035206123851965,0.16044434389975,0.16080802837425817
2026-05-06,0.28366347884696524,0.18580787744818467,0.23648634608638253,0.1605159310831738,0.23242966006677124,0.14884505530766134,0.1731474244246241,0.22848583218671406,0.20148452376820566,0.1597002315217835,0.16222987283553914
2026-05-07,0.2788568178017074,0.1838219553240446,0.23866643437917326,0.15983230125664696,0.22638339618236347,0.148960241962688,0.1754564615407825,0.2306463937732314,0.19640843599007712,0.15991816103232936,0.16155612943076988
2026-05-08,0.2818907196097761,0.18187530081788247,0.23867097397523854,0.15591890375304257,0.23287863374383572,0.14701762477857738,0.1761747411966221,0.22607869322529767,0.19417605917641573,0.15679429481283783,0.1658103293386384
2026-05-11,0.29849486204260883,0.18892918646952553,0.2469964300018607,0.15973619017942992,0.24690717382187957,0.14852611410027589,0.17712694593839243,0.23730246247581305,0.2003133183716056,0.16034847447779269,0.17383794943484776
2026-05-12,0.2951595039520299,0.18657474587798065,0.24629336038758332,0.1628722551904548,0.24356404847336352,0.15046556188283833,0.1742603099897562,0.23437958243156143,0.19686391409891354,0.1573152606551613,0.17119963170261004
2026-05-13,0.2934031611714706,0.18400096114174735,0.24054837467120496,0.16259922021501091,0.24172534808576432,0.1477193380411385,0.1749861801967051,0.23280634246850568,0.194174835418951,0.1574970318267651,0.17050601411449806
2026-05-14,0.2824284913436221,0.17726610678071347,0.23904079672661957,0.16232229664096987,0.23686554905565715,0.14715902537359077,0.1732095510329597,0.22971200197842925,0.18994200788714238,0.15778262341702734,0.16346248009248804
2026-05-15,0.2995873863575094,0.18180018988579533,0.24749732577298353,0.165514126929677,0.25098284829705325,0.1479184817412311,0.17146354752719706,0.24084380021381177,0.20325344400620124,0.16273302768412834,0.1703908958372745
2026-05-18,0.29251715636834563,0.17878665539043162,0.24631251879851732,0.16344715491728107,0.2438945610312704,0.1477415540785827,0.1711360007382265,0.23526972883604674,0.19860910316046815,0.16073840688187999,0.1669553098926074
2026-05-19,0.2952791298215576,0.18105476508110238,0.24613409733767025,0.1648210425935569,0.24640618488510682,0.1478543093246615,0.16913449689849092,0.23839147313336978,0.20539748744597078,0.1592037114435794,0.1696716888288009
2026-05-20,0.2877936164474126,0.17822020774423153,0.2494812913133017,0.162172206162698,0.2442647460605311,0.14738209396317706,0.16758897675392376,0.23350428679593868,0.20393976904297123,0.15817696104918433,0.1649515115730001
2026-05-21,0.2793276189326127,0.17438468430193818,0.24763550694539035,0.16099970666276264,0.23624351758867354,0.1480904620547553,0.16843569366763791,0.22755302746503336,0.2006568907730052,0.15494438785225695,0.15806259169723663
2026-05-22,0.2775220621437825,0.15912704540220196,0.24831919440772854,0.1626900050423924,0.23287176042459987,0.1463935143962521,0.16881076829241953,0.2274008055280827,0.20232293799821718,0.15570969661958764,0.15665948249812392
2026-05-26,0.2854351982056722,0.16022055671296373,0.25714546932697835,0.16450669078153277,0.23412800097318046,0.14744817204489286,0.1672678187190458,0.23090468214323678,0.20590392476798614,0.15698470738594358,0.15772510828577738
2026-05-27,0.27486651461764505,0.15388477904968131,0.2558989479141258,0.16224547319919985,0.2292824939233549,0.1483635093373045,0.1668102841196416,0.22507839868746154,0.20212559547455775,0.15425371318083766,0.15425874255037847
2026-05-28,0.2655715994956299,0.1500586064193728,0.25372057588051317,0.16326871096741272,0.22397531029551337,0.1479854189698895,0.1677095518360239,0.22043323063618198,0.19928356596162045,0.15254655149050228,0.15164736901056614
2026-05-29,0.2592205346441985,0.1427470587526316,0.2513745801139945,0.15891096986207953,0.22093609974476594,0.14924339708302425,0.16587082927745195,0.21728731379005975,0.19667569028726123,0.15224266578680035,0.14895080706822902
2026-06-01,0.2721115818054751,0.14606943934379826,0.25364376424216356,0.16189602546363932,0.23199436294760278,0.1485802754536755,0.17573088723896887,0.2233260010579682,0.20142586797105497,0.1585461708282668,0.15340363005246405
2026-06-02,0.2672020045390082,0.1456240030169663,0.25396948796315094,0.16083191028799462,0.23016305279600807,0.14701448663434627,0.17969350418085686,0.21926594991480006,0.1951159121980448,0.1580913795822758,0.15702928731023927
2026-06-03,0.2712221862699568,0.14830409667507038,0.25596540114801664,0.16207361173040905,0.23003306922296127,0.14702086701790137,0.17959332298009495,0.22094403162223888,0.19628180240789697,0.15878288388654474,0.15987236071909675
2026-06-04,0.26650402131682177,0.15405464897294174,0.2531388947598776,0.16674254167663136,0.22407938141122913,0.1410412572899083,0.17919911099758928,0.21168124473798086,0.18746732992721277,0.16041239398605403,0.15747827717960802
2026-06-05,0.38549421410172,0.17000896185701173,0.27135069439470855,0.17899857689122867,0.2806259821698577,0.1457072080456069,0.18120621431191192,0.2550364909231398,0.2186654751554031,0.1725647564007389,0.19184407035964823
2026-06-08,0.34722899693856396,0.16100869494685766,0.26338572124753823,0.17059221621316303,0.25421020887292317,0.14522979859477206,0.18401347409048255,0.23325152331871168,0.20513891043385904,0.1682567968967841,0.1759731954872615
2026-06-09,0.3653964441413843,0.1644831137684264,0.2669250268227924,0.17349594924679634,0.2639733984535549,0.1473908287052394,0.18519126038570835,0.24093862559706644,0.21209215792341748,0.1748301844120197,0.18181691094703448
