sector,macro,delta_ctrl,t_delta_ctrl,p_delta_ctrl,gamma_ctrl,t_gamma_ctrl,beta_mkt,t_mkt,vif,r2,r2_adj,n
XLK,OIL,4.4723178519658e-05,0.10670632280580651,0.9150718467351031,-2.556551024463292e-05,-0.17363085599012196,1.6640610785434622,21.21105337965709,1.175790581249892,0.7999552248826786,0.7948258716745421,441.0
XLK,DXY,-8.751811602002715e-05,-0.2074500743159744,0.8357568166595643,0.0004943702551235311,2.2980079905039412,1.6640610785434622,21.21105337965709,1.1421825692028162,0.7999552248826786,0.7948258716745421,441.0
XLK,VIX,0.0023184055893128775,2.7987848473286254,0.005360815815925603,-8.043147932196252e-05,-1.0211672348538738,1.6640610785434622,21.21105337965709,4.794463006190345,0.7999552248826786,0.7948258716745421,441.0
XLK,US10Y,0.002395932413004043,2.264128593819242,0.024064714815211514,-0.00043705606608459647,-0.7851109537846511,1.6640610785434622,21.21105337965709,7.840946326037888,0.7999552248826786,0.7948258716745421,441.0
XLK,T10Y2Y,-0.0017150906652020732,-1.6485414121269857,0.09997370998005453,0.0002577595048316031,0.4752078171237633,1.6640610785434622,21.21105337965709,7.447200621776841,0.7999552248826786,0.7948258716745421,441.0
XLK,US2Y,,,,,,,,,,,
XLF,OIL,-0.00045031299877091707,-1.167831319866695,0.2435234393802795,8.179994930554178e-05,0.6038563233367388,0.5929607369764204,8.21536860541166,1.175790581249892,0.5795935281910569,0.5688138750677507,441.0
XLF,DXY,0.0003260497033488023,0.8400547397586583,0.40134561369498384,-0.00022036044528180485,-1.1133737703874105,0.5929607369764204,8.21536860541166,1.1421825692028162,0.5795935281910569,0.5688138750677507,441.0
XLF,VIX,-0.002169644996837902,-2.84693086326078,0.0046261916832733094,-0.00017614462897789433,-2.4307951593333987,0.5929607369764204,8.21536860541166,4.794463006190345,0.5795935281910569,0.5688138750677507,441.0
XLF,US10Y,-0.0010848796490985936,-1.1143361808392134,0.26575889120900825,0.00035715172540166256,0.6973563812710425,0.5929607369764204,8.21536860541166,7.840946326037888,0.5795935281910569,0.5688138750677507,441.0
XLF,T10Y2Y,0.0011772003897832781,1.2299042942530052,0.2194069858939871,-0.00022542016067212336,-0.4517204840947132,0.5929607369764204,8.21536860541166,7.447200621776841,0.5795935281910569,0.5688138750677507,441.0
XLF,US2Y,,,,,,,,,,,
XLE,OIL,0.008809283295097337,15.47644025317431,3.030952720719649e-43,4.515889459525784e-07,0.002258337003597724,0.16677820807456503,1.5653277484553174,1.175790581249892,0.5176801386757044,0.5053129627443123,441.0
XLE,DXY,-0.0006787595347575316,-1.1846896234198276,0.2367960801842834,-0.0007956186254629117,-2.7231850232431896,0.16677820807456503,1.5653277484553174,1.1421825692028162,0.5176801386757044,0.5053129627443123,441.0
XLE,VIX,-0.0040313340330737696,-3.583454465948721,0.0003779821901505762,-0.00022753219384603844,-2.127093967953378,0.16677820807456503,1.5653277484553174,4.794463006190345,0.5176801386757044,0.5053129627443123,441.0
XLE,US10Y,0.0016810342389372572,1.169704316009306,0.2427694283212686,0.0005619889900468364,0.7433523149457995,0.16677820807456503,1.5653277484553174,7.840946326037888,0.5176801386757044,0.5053129627443123,441.0
XLE,T10Y2Y,-0.0006249685967912992,-0.4423275402774393,0.6584751186125859,-0.00028074922889856374,-0.38111888223345597,0.16677820807456503,1.5653277484553174,7.447200621776841,0.5176801386757044,0.5053129627443123,441.0
XLE,US2Y,,,,,,,,,,,
XLV,OIL,-0.0008621122426507944,-1.7164100918277727,0.08680887909943702,-0.00010308894217342622,-0.584230571892243,0.1423459123412068,1.5140413244236375,1.175790581249892,0.24310923339058987,0.22370177783650247,441.0
XLV,DXY,-0.0005682616582753206,-1.1239933545899146,0.2616443892110487,-0.0003834866105459394,-1.4874732407556637,0.1423459123412068,1.5140413244236375,1.1421825692028162,0.24310923339058987,0.22370177783650247,441.0
XLV,VIX,-0.0030212517634452154,-3.04345419838706,0.0024825919004309565,-0.00012704011888812434,-1.3458958724814856,0.1423459123412068,1.5140413244236375,4.794463006190345,0.24310923339058987,0.22370177783650247,441.0
XLV,US10Y,-0.000855879702622169,-0.6748993476381537,0.5001032744795855,0.0014306587366438423,2.144517972163689,0.1423459123412068,1.5140413244236375,7.840946326037888,0.24310923339058987,0.22370177783650247,441.0
XLV,T10Y2Y,-0.0005226737521572851,-0.4192211874578168,0.6752643202402658,-0.0013656559438768887,-2.100922060005694,0.1423459123412068,1.5140413244236375,7.447200621776841,0.24310923339058987,0.22370177783650247,441.0
XLV,US2Y,,,,,,,,,,,
XLY,OIL,-0.001410759503208589,-3.749504469823775,0.00020147626236415616,-1.830665984596272e-05,-0.13849846252447165,1.104021851600433,15.675956236466876,1.175790581249892,0.7533022270009347,0.7469766430778818,441.0
XLY,DXY,0.0006635845203378888,1.75216612612416,0.08045968527208854,0.00030272208238747977,1.5674969446539868,1.104021851600433,15.675956236466876,1.1421825692028162,0.7533022270009347,0.7469766430778818,441.0
XLY,VIX,-0.00046545885156187714,-0.6259285935605341,0.5316946429358911,8.88903853884336e-05,1.257155509901882,1.104021851600433,15.675956236466876,4.794463006190345,0.7533022270009347,0.7469766430778818,441.0
XLY,US10Y,-0.003665393112033485,-3.8584287498757104,0.00013165241001236226,-0.0009977449953822457,-1.9965346014633625,1.104021851600433,15.675956236466876,7.840946326037888,0.7533022270009347,0.7469766430778818,441.0
XLY,T10Y2Y,0.003281505551521113,3.5135757444090387,0.0004890975663248622,0.0008578510693975793,1.7617496069169318,1.104021851600433,15.675956236466876,7.447200621776841,0.7533022270009347,0.7469766430778818,441.0
XLY,US2Y,,,,,,,,,,,
XLP,OIL,-0.00022659155952477962,-0.48567766821454095,0.6274436739422258,0.00021683255371426525,1.32295124720124,-0.11243497617857011,-1.2874824575774386,1.175790581249892,0.10493469983172965,0.08198430751972285,441.0
XLP,DXY,-0.0006298789134639983,-1.3412805233818146,0.18053902778982264,-0.0002842263221682916,-1.18688983753872,-0.11243497617857011,-1.2874824575774386,1.1421825692028162,0.10493469983172965,0.08198430751972285,441.0
XLP,VIX,-0.003148368228940343,-3.414385347392668,0.000700067081885237,7.157222998782428e-05,0.816323460494845,-0.11243497617857011,-1.2874824575774386,4.794463006190345,0.10493469983172965,0.08198430751972285,441.0
XLP,US10Y,-0.002412406866297885,-2.0479719146916406,0.0411710344238178,0.00020282045022215102,0.3273049253538167,-0.11243497617857011,-1.2874824575774386,7.840946326037888,0.10493469983172965,0.08198430751972285,441.0
XLP,T10Y2Y,0.0011448463199758491,0.9885687656911336,0.3234314022349658,-0.0002502083836722862,-0.4143980076949323,-0.11243497617857011,-1.2874824575774386,7.447200621776841,0.10493469983172965,0.08198430751972285,441.0
XLP,US2Y,,,,,,,,,,,
XLU,OIL,0.001050328201844608,2.1435969302860594,0.03262682727448628,-1.7567547771238348e-05,-0.10205732760318025,0.09147659901197244,0.9973867427503685,1.175790581249892,0.20827380951616592,0.18797313796529846,441.0
XLU,DXY,-0.000544602388643315,-1.104220444864457,0.2701164784627104,-0.0003078693269307027,-1.2241263080956715,0.09147659901197244,0.9973867427503685,1.1421825692028162,0.20827380951616592,0.18797313796529846,441.0
XLU,VIX,-0.0027458715306561935,-2.8354429961087915,0.00479264614514408,-4.1614269149637526e-05,-0.45193262520689736,0.09147659901197244,0.9973867427503685,4.794463006190345,0.20827380951616592,0.18797313796529846,441.0
XLU,US10Y,-0.0031085032899671305,-2.5126874202303258,0.012347339469886946,0.00039619597269769773,0.6087858483570453,0.09147659901197244,0.9973867427503685,7.840946326037888,0.20827380951616592,0.18797313796529846,441.0
XLU,T10Y2Y,0.000511411787729586,0.42047881501728357,0.6743462408541042,-0.0007405836005585497,-1.1678944259700057,0.09147659901197244,0.9973867427503685,7.447200621776841,0.20827380951616592,0.18797313796529846,441.0
XLU,US2Y,,,,,,,,,,,
XLI,OIL,-0.000824520286497203,-2.301711565780481,0.02182975595954569,7.23487689560773e-05,0.5749044223476131,0.8894715327017813,13.265300406226416,1.175790581249892,0.6808347670129462,0.6726510430902013,441.0
XLI,DXY,-0.00022526518230414383,-0.6247435309186509,0.532471524322283,4.49425457435317e-05,0.2444268625461218,0.8894715327017813,13.265300406226416,1.1421825692028162,0.6808347670129462,0.6726510430902013,441.0
XLI,VIX,-3.2043228939245137e-05,-0.04525936263757554,0.9639216376400156,-0.00010853612602580941,-1.612267849053623,0.8894715327017813,13.265300406226416,4.794463006190345,0.6808347670129462,0.6726510430902013,441.0
XLI,US10Y,0.000568440649552131,0.6284977335164259,0.5300123956192246,0.0008533767650003873,1.7936048126556905,0.8894715327017813,13.265300406226416,7.840946326037888,0.6808347670129462,0.6726510430902013,441.0
XLI,T10Y2Y,-0.0005618717978471676,-0.6318908611294766,0.5277947757786208,-0.001032017509145413,-2.226117148335017,0.8894715327017813,13.265300406226416,7.447200621776841,0.6808347670129462,0.6726510430902013,441.0
XLI,US2Y,,,,,,,,,,,
XLB,OIL,8.465568910100032e-05,0.18564151828577063,0.8528136328877223,0.00014991399764477002,0.9357850374300188,0.5576273544207047,6.532787238200344,1.175790581249892,0.5240393190078355,0.5118351989823955,441.0
XLB,DXY,-0.001541413091351527,-3.3581195100602814,0.0008547736957237759,-0.00041421656635096614,-1.7696530799568018,0.5576273544207047,6.532787238200344,1.1421825692028162,0.5240393190078355,0.5118351989823955,441.0
XLB,VIX,-0.002639093722101057,-2.928170645410253,0.003591210806642999,-3.140942338212168e-05,-0.3665154182881594,0.5576273544207047,6.532787238200344,4.794463006190345,0.5240393190078355,0.5118351989823955,441.0
XLB,US10Y,-0.0010087754328384237,-0.8761581273896982,0.3814343957748439,0.0002183995868646304,0.3605845934956763,0.5576273544207047,6.532787238200344,7.840946326037888,0.5240393190078355,0.5118351989823955,441.0
XLB,T10Y2Y,-0.00010415949913825246,-0.09201807234530646,0.926726633649378,-0.0004154245135321163,-0.703918659235218,0.5576273544207047,6.532787238200344,7.447200621776841,0.5240393190078355,0.5118351989823955,441.0
XLB,US2Y,,,,,,,,,,,
XLRE,OIL,0.000562018180303705,1.2948917283477601,0.19605404185130315,0.00024202091978458296,1.587270513026982,0.17589189724494395,2.1650324368591054,1.175790581249892,0.3606537681916959,0.3442602750684062,441.0
XLRE,DXY,-0.0009791291144505576,-2.241203020093742,0.025523675644642786,-0.0007813407630021442,-3.507238372361821,0.17589189724494395,2.1650324368591054,1.1421825692028162,0.3606537681916959,0.3442602750684062,441.0
XLRE,VIX,-0.00300174633380765,-3.499288001139486,0.0005152949580251546,6.509151960746174e-05,0.7980329541960925,0.17589189724494395,2.1650324368591054,4.794463006190345,0.3606537681916959,0.3442602750684062,441.0
XLRE,US10Y,-0.003948771876775016,-3.6034140826357337,0.00035088776432707584,0.00027959398621872915,0.4850062220322159,0.17589189724494395,2.1650324368591054,7.840946326037888,0.3606537681916959,0.3442602750684062,441.0
XLRE,T10Y2Y,0.0015207424315939857,1.4115427695805565,0.15880948399388925,-0.0006960039463147093,-1.2390995216064262,0.17589189724494395,2.1650324368591054,7.447200621776841,0.3606537681916959,0.3442602750684062,441.0
XLRE,US2Y,,,,,,,,,,,
XLC,OIL,-0.0002015121352212867,-0.5155158141037717,0.6064581724512852,-4.375906408213859e-05,-0.3186572188018107,0.8401448281314706,11.482340663976967,1.175790581249892,0.5883081826916748,0.5777519822478716,441.0
XLC,DXY,3.2995494872604783e-06,0.00838597524835152,0.9933129364504639,-0.00016645300600990248,-0.8296103082562076,0.8401448281314706,11.482340663976967,1.1421825692028162,0.5883081826916748,0.5777519822478716,441.0
XLC,VIX,0.0003554453363583705,0.46008302971032644,0.6456897174814693,2.1203149072676635e-06,0.028863864502325535,0.8401448281314706,11.482340663976967,4.794463006190345,0.5883081826916748,0.5777519822478716,441.0
XLC,US10Y,-0.0027092807046085582,-2.745135751231775,0.006302685879674837,-0.0002501802294806011,-0.4818703073269002,0.8401448281314706,11.482340663976967,7.840946326037888,0.5883081826916748,0.5777519822478716,441.0
XLC,T10Y2Y,0.0025864877466209046,2.6656707014823335,0.007973594967866298,0.00034801439360817037,0.6879381418411252,0.8401448281314706,11.482340663976967,7.447200621776841,0.5883081826916748,0.5777519822478716,441.0
XLC,US2Y,,,,,,,,,,,
