sector,macro,alpha,t_alpha,delta,t_delta,gamma,t_gamma,r2,r2_adj,n
XLK,OIL,0.0013143181994504148,1.483792004198844,-0.0009377766258824881,-1.0950512529539427,-4.0957200390059555e-05,-0.1281376347805371,0.0027884929310997286,-0.001764984270128167,441
XLK,DXY,0.002988035086946797,3.2507350018874264,-0.0008951679912654403,-1.0515084865071347,-0.0017184779899034814,-3.995091954572556,0.035193470764172785,0.0307879614982558,441
XLK,US2Y,0.0009554886736346622,1.0921283129372878,0.002594478074949083,3.118526204499132,0.00031868784707527283,1.0270629047471191,0.022247374120995866,0.017782750258534707,441
XLK,US10Y,0.0021012462357482844,2.154882194570747,0.0007958937040564317,0.9644374888530386,-0.0008296737094976998,-1.5888936252564967,0.007895173522897592,0.0033650144978880636,441
XLK,VIX,0.0012037662734948557,2.2099393708151553,-0.013185223566001839,-24.502940981338106,6.984597994267127e-05,0.6876205890356873,0.5817385047752037,0.5798286349339946,441
XLF,OIL,0.0003357980578868269,0.5987519772577721,-0.0009674290820562399,-1.7842284380538997,-3.0296472052511347e-05,-0.14970447241325174,0.007449077239534696,0.0029168812451947357,441
XLF,DXY,0.001743185408773527,3.0312752516913113,-0.00048751544344584796,-0.9153401921430462,-0.0014408824305548631,-5.354233028187651,0.06238085345391087,0.05809948748794702,441
XLF,US2Y,0.00024774900261934985,0.4417606107828804,0.0005502224936968189,1.0317267378621393,5.79526947042102e-05,0.2913614758479054,0.0024534879659259268,-0.0021015189383390975,441
XLF,US10Y,0.0006799020288810059,1.095937448774265,3.9177690748988404e-05,0.07461921811539661,-0.00037518249752622275,-1.1293353179080148,0.002920153069437048,-0.0016327229439445645,441
XLF,VIX,0.00042329338881432203,1.1212934821842153,-0.007823015148783946,-20.977054745870227,-0.00011799065600484055,-1.6760798203527891,0.5011997017379062,0.49892207480520256,441
XLE,OIL,0.0011532827806489667,1.8328950427186317,0.00874034550715017,14.367887786393151,-0.00017302047400265705,-0.7620320225357229,0.34221678274204936,0.33921320640753816,441
XLE,DXY,0.0025435655389949683,3.1997483795886943,0.0011538929956779718,1.5672951707208602,-0.0015664629658903577,-4.2109487746871705,0.05672077875915338,0.05241356770325911,441
XLE,US2Y,0.0005317746275862059,0.6959275056254529,0.002293022937758132,3.1557025346491585,0.00044990019758979,1.660106661030058,0.02499569579177452,0.020543621343335206,441
XLE,US10Y,0.0016020593897758991,1.9537442928142532,0.004243590949516857,6.114980202107687,-0.0006228170299685162,-1.4183731445040368,0.08287911155528016,0.07869134494137742,441
XLE,VIX,0.0012598025647746294,1.851374901871945,-0.00575511388182585,-8.561272760398959,-0.00027978234854678774,-2.2048622636046007,0.14671410011990793,0.1428178174720537,441
XLV,OIL,0.0007512935888363539,1.3927988103063358,-0.0017681150952905656,-3.3904065173616136,-0.00022093490749084573,-1.1350551911650932,0.025729102498467493,0.021280376939099788,441
XLV,DXY,0.0015538157342908183,2.7502376103626185,-0.001473978401407505,-2.816917868209255,-0.001025280966912252,-3.877935027257482,0.0397254326432942,0.03534061726723625,441
XLV,US2Y,0.0002999051777222612,0.5511609474349793,0.0002963006343309036,0.5726355754528974,0.00023147938637577912,1.1994722786870475,0.0035829832360170233,-0.0009668661555992664,441
XLV,US10Y,0.0006556379836559929,1.1018639668764407,-0.0017376409527197691,-3.45061375063811,-0.00012506190320780267,-0.39249110469458937,0.026742344362341464,0.02229824547815129,441
XLV,VIX,0.000613055388095098,1.3101581443565375,-0.004637172347423188,-10.03158997457752,-8.23825290206321e-05,-0.9441226061509611,0.18683047442730982,0.18311737157081354,441
XLY,OIL,8.728447276882119e-05,0.12349731695740247,-0.0023906198167525775,-3.4985942867636575,-4.030865837267427e-05,-0.15804938433242027,0.028470970743004753,0.024034765129959168,441
XLY,DXY,0.0014848553637332427,2.001088563493567,-0.0009280205008368826,-1.3503678543770052,-0.001441055846816563,-4.150017239179216,0.03787340977233011,0.03348013767083391,441
XLY,US2Y,-0.0003243527226668101,-0.4546288604834836,2.6292423876743237e-05,0.0387544295983898,0.00037226407614349247,1.471207740047776,0.005027956027838787,0.0004847046855002146,441
XLY,US10Y,0.0005651049531870189,0.7163499109487009,-0.0007690276687013069,-1.1518886338082406,-0.000519215094428186,-1.229091787501111,0.006373681724279767,0.001836575248134964,441
XLY,VIX,-9.891485185418311e-05,-0.22443266659074088,-0.010583929802321056,-24.308829280764837,0.0001463138465335655,1.780242898196718,0.5809752441177112,0.5790618890680204,441
XLP,OIL,5.447764316106476e-05,0.1175330670315757,-0.000913226580822499,-2.037899863834513,0.00014459042067857446,0.8644805279442497,0.014014646374827522,0.009512430148228668,441
XLP,DXY,0.0007282149303926788,1.4971537764353393,-0.0013231056158925594,-2.937066007059081,-0.0005306780876603845,-2.331443620966033,0.024471390096540535,0.020016921558168588,441
XLP,US2Y,0.00016278610416307215,0.3508213412032802,-0.0007329868966039576,-1.6611779422297528,3.603580408338152e-05,0.21897085322660376,0.006862051492302124,0.0023271750150980486,441
XLP,US10Y,0.00019878931805020179,0.39139784222759955,-0.0015295334654854772,-3.558416644103748,-4.9235289855495534e-08,-0.0001810267656728631,0.028099838015511414,0.023661937732477267,441
XLP,VIX,0.00013949343503503323,0.3241520933606414,-0.0021332321544251663,-5.017942853834193,5.9381411095802276e-05,0.7399712469509551,0.057338374538090986,0.05303398355424671,441
XLU,OIL,0.000414364853773966,0.795447591613847,-0.00022187101996919736,-0.4405465224548359,-0.0001314110751484295,-0.6990923723741206,0.0012795378029691884,-0.0032808296043231877,441
XLU,DXY,0.0012007792829006182,2.2254866564568503,-0.0014558450296426825,-2.9133275733302657,-0.0009196128097958248,-3.642115813864232,0.03733021091026467,0.032934458448667714,441
XLU,US2Y,0.0005315045454483782,1.0256922863441966,-0.0006316648534943096,-1.2818821181754516,-0.0002488169933948295,-1.3538593948322233,0.0067147187391384255,0.0021791695096368136,441
XLU,US10Y,0.000805060781923566,1.4420071100863603,-0.0023239891859012946,-4.918642567552272,-0.0005229949485892798,-1.7493517150344555,0.05823565273091302,0.05393535890776657,441
XLU,VIX,0.0003565894154063436,0.7725263389470607,-0.003692490912421049,-8.097609152839725,-7.350432896633432e-05,-0.8539393647974223,0.13023176535847825,0.12626022090806044,441
XLI,OIL,0.000590615741997356,0.9934853962695184,-0.0016040508607986328,-2.7908541565916796,1.5136592127483354e-05,0.07055999045865624,0.018948819138733364,0.01446913338137601,441
XLI,DXY,0.0018876660874891753,3.0482153217345402,-0.001039490021730322,-1.8123962534932945,-0.0012848615950586356,-4.433673900289819,0.04354760368046651,0.039180241140194694,441
XLI,US2Y,0.0005063842370453107,0.8505103857016387,0.0012483266803364251,2.204849576477249,9.95595323180554e-05,0.4714826429415365,0.010994598623153773,0.006478592224172797,441
XLI,US10Y,0.0010974406505241843,1.6610532921363697,-0.0003465216031423304,-0.6197339218810565,-0.0004928401911914518,-1.3929949777265076,0.005240725757893028,0.0006984459668332166,441
XLI,VIX,0.0005966642490526973,1.5191063217860923,-0.008496365607756321,-21.896962520448,9.074338465198968e-06,0.12389175297977344,0.5250145954223537,0.5228457122964285,441
XLB,OIL,0.00041994659361314197,0.6746531154541876,-0.0012202152638467543,-2.027614828255322,2.380846399303027e-05,0.10599656236689536,0.010250134590812587,0.005730728812688546,441
XLB,DXY,0.0020853577243633574,3.295911832885658,-0.0025250140563599028,-4.308947310428088,-0.001645387692054344,-5.557125387891015,0.0812273955135363,0.07703208681725116,441
XLB,US2Y,0.0002488273850094615,0.39922830915641394,0.000453751952544275,0.7655841448555589,0.0001953165798889928,0.883579606266315,0.002655897252883288,-0.0018981854080624139,441
XLB,US10Y,0.0009768326418855798,1.4276907946397213,-0.001429968872568345,-2.4695226271145705,-0.0005343432343891174,-1.4583951808582196,0.01827729657839705,0.01379454450797879,441
XLB,VIX,0.00044816985162108864,1.0046702301795412,-0.008079627122128605,-18.334317255420753,-4.4789377831141495e-06,-0.053842497253492244,0.43619546420690425,0.433621014271776,441
XLRE,OIL,1.70566740194736e-05,0.03334687543742216,-0.0008023485917307336,-1.6225064442797923,0.0001296995295994979,0.7027051466236108,0.009006733070473838,0.004481649659836773,441
XLRE,DXY,0.0016344386787930406,3.167564408567535,-0.0020962371307531053,-4.386413762642844,-0.0014913583433667388,-6.176262737640022,0.09389537913923751,0.08975791511704234,441
XLRE,US2Y,7.365357121949252e-06,0.014426475745809453,-0.0007342475610902322,-1.5123775543932143,0.00013941287221724404,0.7699326450790891,0.007678585266799098,0.0031474372543187634,441
XLRE,US10Y,0.000708489033389702,1.2961901981318669,-0.0025316435309074145,-5.472812703511666,-0.0005633042669511185,-1.9245072503957064,0.07094903669745234,0.06670679485588826,441
XLRE,VIX,0.00012971933577476534,0.3055811329906881,-0.004941169714877271,-11.782680993773825,1.678081634021679e-05,0.21198453274034085,0.24292199581024787,0.23946501862216685,441
XLC,OIL,0.00041342840428159277,0.7193110187194889,-0.0009465539153282271,-1.7034300175167791,-6.108630879381985e-05,-0.2945331761009018,0.006632276146626537,0.0020963504669307964,441
XLC,DXY,0.0017182039494656033,2.9019601427799158,-0.0009054242512169857,-1.6511298003567072,-0.0013688272529441602,-4.9402884251014285,0.0528711180429694,0.04854632862764052,441
XLC,US2Y,6.856663331539708e-05,0.11947264797256578,2.228344827205743e-05,0.04083093551762247,0.000284559238924572,1.398014812435457,0.0045385023671355995,-6.983923425352145e-06,441
XLC,US10Y,0.0006550193187645737,1.0304358730368368,-0.0002941755932971249,-0.5468219367064041,-0.00030322629353698977,-0.8907885536621521,0.0024663205054761272,-0.0020886278027179017,441
XLC,VIX,0.00030923418999216965,0.7601723830387243,-0.007520738297032494,-18.7144723798417,4.3344710528080834e-05,0.5713864786884374,0.4480678993502659,0.4455476614477557,441
