sector,macro,tau,alpha,beta,t_beta,pseudo_r2
XLK,OIL,0.01,-0.04553268843726052,0.008651241215934606,1.0522570963657225,0.18740920140092232
XLK,OIL,0.05,-0.02606179392795137,0.0023935065483997593,0.7920713089438817,0.018475887881416186
XLK,OIL,0.1,-0.01908465889077205,0.0001509609883109054,0.0714963881884083,0.0002787408493355459
XLK,OIL,0.25,-0.006682418288174954,-0.0031671297097771926,-2.4489750130668164,0.011436431112514134
XLK,OIL,0.5,0.0027064171461823583,-0.002180554045245867,-2.622000332928309,0.010196699872295212
XLK,OIL,0.75,0.010618813140156644,-0.0012941226055588548,-1.283823579544723,0.009028650365515256
XLK,OIL,0.9,0.018043216455609714,-0.002058422788033144,-1.4651569283352657,0.009778894812214944
XLK,OIL,0.95,0.02303027740263547,-0.001236322359382626,-0.8475277314545333,0.011038463381928265
XLK,OIL,0.99,0.039569551597214474,0.0014911346912782832,0.15030459607898478,0.013208072413558591
XLK,DXY,0.01,-0.04939573112388213,0.005621863574397862,0.31426042988077396,0.006018535151370186
XLK,DXY,0.05,-0.025663665237833616,0.0029697562655249775,0.8571751585828133,0.020528849259316417
XLK,DXY,0.1,-0.01905554995782165,0.002545655327488475,1.071585754127776,0.013055705347798319
XLK,DXY,0.25,-0.007216506703350314,0.00045491568016459735,0.2840634411103095,0.0003252008663782169
XLK,DXY,0.5,0.002586298121865168,-0.00042809009193602916,-0.5098596140487216,0.00047565575519137315
XLK,DXY,0.75,0.011019328570509062,-0.001169510264951273,-1.2693821222984427,0.0026916428038380458
XLK,DXY,0.9,0.018029770624492226,-0.0007629521537767743,-0.6470706085386138,0.00028211234335218105
XLK,DXY,0.95,0.023265290901749426,0.0011054987676755363,0.6181097500275184,0.0027599504703329503
XLK,DXY,0.99,0.03895239482284099,0.0019390585215373424,0.35368663126127503,0.01565346125697631
XLK,US2Y,0.01,-0.04268812881331885,0.010594517250769498,1.7273437923920005,0.13123999671863806
XLK,US2Y,0.05,-0.026801248449448426,0.0031892081522541097,1.2591636836303974,0.012993602675731686
XLK,US2Y,0.1,-0.01838756993713948,0.0016078118115587128,1.0048402786005137,0.004608485175199628
XLK,US2Y,0.25,-0.007847045462907275,0.002454641267357648,1.8782932464207573,0.003606716750043981
XLK,US2Y,0.5,0.0026091123147079743,0.00038873402076255005,0.46215179222946967,0.001902295164609491
XLK,US2Y,0.75,0.010473977723683676,0.0008620701218132853,0.8555807681801504,0.001911263518430073
XLK,US2Y,0.9,0.018961877289149026,0.0023179264777214974,1.421054401147641,0.014084418465632798
XLK,US2Y,0.95,0.02506790882707856,0.0027376186117824067,0.9171365131018399,0.019064538194825897
XLK,US2Y,0.99,0.039843364573011374,0.006814986864417968,0.9029833753017653,0.12335197109589136
XLK,US10Y,0.01,-0.04669937126229241,0.008222430749017053,1.2171238075104305,0.11720108300693932
XLK,US10Y,0.05,-0.028360709732070853,0.003514078006880509,0.9466866653377285,0.017810901277765412
XLK,US10Y,0.1,-0.019628495146456156,0.0005084247015410257,0.19183399770036916,0.0012353627535125478
XLK,US10Y,0.25,-0.006898997748276965,0.0008617279157121823,0.5728844879128514,0.0013430248146845125
XLK,US10Y,0.5,0.002593366631614148,-0.00011969664477681622,-0.1425854857629097,5.609956179442044e-05
XLK,US10Y,0.75,0.011043598524124672,-0.0013032349480714088,-1.391539715368748,0.0036238026318570205
XLK,US10Y,0.9,0.01782783961032981,-0.000668197053727842,-0.5287437139059911,0.0028186915083271424
XLK,US10Y,0.95,0.023556934668026785,-0.0016233996352838734,-0.8434733693804185,0.005815718743465426
XLK,US10Y,0.99,0.040873664513254845,0.0026344429710798674,0.3678363583019363,0.043867892765349636
XLK,VIX,0.01,-0.02509035274726988,-0.012646627070888325,-2.760861292354882,0.5264706659980474
XLK,VIX,0.05,-0.015306096681805947,-0.013905785282960395,-6.00549704052445,0.43729028776315837
XLK,VIX,0.1,-0.01085511230256452,-0.015345474970037845,-15.173693275430185,0.4310102048895067
XLK,VIX,0.25,-0.00419627958912185,-0.01560824720250612,-18.46883328109367,0.4049331205411859
XLK,VIX,0.5,0.001200289277281898,-0.014241007382527909,-26.763128652604465,0.35958270226046796
XLK,VIX,0.75,0.007321960630466014,-0.013541123545505053,-14.60481450130212,0.3134847043780149
XLK,VIX,0.9,0.013938319379944279,-0.012784203384625166,-6.321869972860594,0.3140224207587765
XLK,VIX,0.95,0.018683385780791054,-0.01224452250736015,-3.1408641191031186,0.3500810830914054
XLK,VIX,0.99,0.027761739719598,-0.01236947167946994,-5.707659339576915,0.5414451097177224
XLF,OIL,0.01,-0.03633943136771846,0.006042800182156551,0.5279785696334367,0.15864571619417633
XLF,OIL,0.05,-0.01923648364317071,0.0009055945687819202,0.34645650569122005,0.006303027400179739
XLF,OIL,0.1,-0.011638885443787156,-0.0003341627380036755,-0.17623106767828794,0.00016693473341700127
XLF,OIL,0.25,-0.004566601840920936,-0.0010923961380021607,-1.674274122753876,0.005050085053567743
XLF,OIL,0.5,0.0007589266238167211,-0.0016758434335286691,-2.9246742250288356,0.019383675654937482
XLF,OIL,0.75,0.006521114155552236,-0.0013973872034430575,-2.158461696962262,0.0199134935228098
XLF,OIL,0.9,0.011150983248804057,-0.001742307323792438,-1.9029086050174384,0.006888211715278869
XLF,OIL,0.95,0.016464402319258636,-0.0015919911953675022,-0.6112129478896806,0.01054377267708273
XLF,OIL,0.99,0.025314363206482317,-0.000132710085742375,-0.019048549838838337,0.004434036711747025
XLF,DXY,0.01,-0.030781723822200742,0.0052245067424439885,0.8082733928434669,0.07780703095195285
XLF,DXY,0.05,-0.019220172800290973,0.0022709145933522907,0.7996082044969907,0.03704770181672101
XLF,DXY,0.1,-0.011325608253726442,0.0025707560649956365,1.8181609850730558,0.042481438291265716
XLF,DXY,0.25,-0.004853434598786645,0.001202929453914576,1.632522475171854,0.005892520059895934
XLF,DXY,0.5,0.0007574787984722591,5.4420961732914915e-06,0.008973732675094027,1.92280156441349e-06
XLF,DXY,0.75,0.006631412995693459,-0.0011433920606206695,-1.965814265701092,0.005463759256877809
XLF,DXY,0.9,0.011174080643791443,-0.0012212628953342736,-1.4757092702493515,0.007051934716802988
XLF,DXY,0.95,0.01618190686078411,-9.832315547616372e-05,-0.05293277859486097,0.00033549655837494807
XLF,DXY,0.99,0.02647310264408054,0.003964218606588573,2.5129572361468635,0.0066616546549952416
XLF,US2Y,0.01,-0.03757366072717761,0.007557218067756243,0.592006703545512,0.10730564724381841
XLF,US2Y,0.05,-0.01847895188505062,0.003232147721026717,1.2467382204671429,0.024696153230591822
XLF,US2Y,0.1,-0.011668198335980921,0.002044823478430028,1.5065174624645838,0.023327692845120263
XLF,US2Y,0.25,-0.005059220125578583,0.0001924301036066821,0.2811096613548206,0.00045972169942509744
XLF,US2Y,0.5,0.0008102012982235446,-0.0011291258976561457,-1.9154065430576195,0.008318414922785733
XLF,US2Y,0.75,0.006623229527149861,-0.001690015752728642,-2.6741398060593506,0.012023297919362297
XLF,US2Y,0.9,0.011101982484174901,-0.00024240116495914945,-0.24971380534117824,0.0005178180468525806
XLF,US2Y,0.95,0.016251375125394017,0.0008613170638593284,0.40190475338424625,0.007249719621907014
XLF,US2Y,0.99,0.030551614507313408,0.006494461875357601,1.3094580092961428,0.09098148279827656
XLF,US10Y,0.01,-0.03410100599343301,0.005619368332137122,0.7394283941671277,0.12048574483107732
XLF,US10Y,0.05,-0.018759069438102193,0.001610541759288743,0.49684693498704363,0.011261019736547917
XLF,US10Y,0.1,-0.01230367209663444,0.0022066803292654738,1.4741353265722252,0.015694248019394896
XLF,US10Y,0.25,-0.004819274652647187,-0.0005851892823637587,-0.8589773932549304,0.0005851273642721866
XLF,US10Y,0.5,0.001003257901225495,-0.0010724203951056113,-1.816451429418278,0.006040794187324616
XLF,US10Y,0.75,0.006417870791235567,-0.0014413821636772802,-2.4605935929269163,0.012002333100757823
XLF,US10Y,0.9,0.011226901574694316,-0.0003477055372924325,-0.4197442082965942,0.0004413072388006478
XLF,US10Y,0.95,0.016391185215631626,1.3091877645815857e-05,0.00554991404792301,5.88109487827948e-05
XLF,US10Y,0.99,0.025668091656770264,0.00017833680843643235,0.037404682049341914,0.002293399055537604
XLF,VIX,0.01,-0.01894539060727451,-0.007971064621493273,-1.8002050421733653,0.5023835966229535
XLF,VIX,0.05,-0.012074724577909592,-0.008931009953082174,-4.590230642086914,0.38301751671049467
XLF,VIX,0.1,-0.009315128774837643,-0.009306800299952494,-6.797735155081225,0.341492101727613
XLF,VIX,0.25,-0.003940150163338691,-0.00874442582283446,-12.104874158600072,0.2787822422589774
XLF,VIX,0.5,0.00042753132954122784,-0.00866041269035884,-17.702612477410696,0.25563826213051577
XLF,VIX,0.75,0.004857578129872304,-0.008577043393901912,-21.972340117980885,0.26104564242283346
XLF,VIX,0.9,0.009373420869500073,-0.007244301254853417,-10.54124866689975,0.25570851545482354
XLF,VIX,0.95,0.012211179978511158,-0.006898439333236917,-3.2200167685856,0.3023226158544422
XLF,VIX,0.99,0.019759268774109436,-0.00617514163479203,-2.6590246866820197,0.4486590094503562
XLE,OIL,0.01,-0.047891193065807774,0.014513913908162202,0.5587971944183332,0.29465262402533565
XLE,OIL,0.05,-0.017652048952080123,0.00834544328135509,3.1919358036357113,0.21369180901707074
XLE,OIL,0.1,-0.013197709369056012,0.007223408197675657,3.7126330454892824,0.19667323481503907
XLE,OIL,0.25,-0.005973614388416214,0.009466825415471851,11.817289326979655,0.20832075653665227
XLE,OIL,0.5,0.002337440154565968,0.008601820745793768,12.202814801297192,0.1862363159701571
XLE,OIL,0.75,0.007864137463940692,0.007186833564116343,10.46827068361333,0.16647862035789684
XLE,OIL,0.9,0.014407136163985782,0.00680840713073726,5.7229862882406595,0.12420651357488988
XLE,OIL,0.95,0.01898479845824659,0.007394664409506845,4.0729719853575075,0.10324773377550522
XLE,OIL,0.99,0.02784326040135358,0.004302396642483818,1.7066362813721623,0.08786581490025569
XLE,DXY,0.01,-0.03392702113970715,0.00812729824871276,1.9231736813380784,0.17442888029594172
XLE,DXY,0.05,-0.024220152387999874,0.0064450969046316794,1.7729320383328133,0.06635019925689523
XLE,DXY,0.1,-0.016360192073352743,0.004106446485883993,2.006583967972448,0.03018579511603592
XLE,DXY,0.25,-0.006867717731943888,0.002534383991728649,2.26306298806926,0.013917950273974466
XLE,DXY,0.5,0.0024980669802505922,0.0012997352859186048,1.4603696693716433,0.0032917916160413174
XLE,DXY,0.75,0.010239984308583576,0.0006766065535676782,0.8090798093973617,0.0026053418963649655
XLE,DXY,0.9,0.017108253613284562,0.0014808419809288537,1.3245887092440922,0.010048689945207023
XLE,DXY,0.95,0.021703511178910995,0.0012222744122396723,0.8020485089954547,0.010317491133218004
XLE,DXY,0.99,0.029547082049346318,0.0020950966977533133,1.56125062553115,0.005155736732273097
XLE,US2Y,0.01,-0.04683966289787572,0.010640998845052025,0.8854987841073167,0.18289918254718396
XLE,US2Y,0.05,-0.023081401528206976,0.0036366542379652296,1.8508223327752598,0.012128081502810306
XLE,US2Y,0.1,-0.016582126321919806,0.002430386046582331,1.7690700722784398,0.012496866983151445
XLE,US2Y,0.25,-0.007519668647507234,0.0017290770285609159,1.4594884470910159,0.00807742353422869
XLE,US2Y,0.5,0.002539713226731696,0.00015268245633601407,0.17256201313741146,0.00020386038787856275
XLE,US2Y,0.75,0.010387038758866547,0.000857001350383591,0.9388392167490487,0.0012367111973540235
XLE,US2Y,0.9,0.017252522915671434,0.0019245224843035633,1.6833709664262388,0.017948264762287613
XLE,US2Y,0.95,0.021947602048204354,0.00219288850769977,1.4454673936027926,0.029398042878974517
XLE,US2Y,0.99,0.03173414827680158,0.004547765368042,1.7414435633313512,0.08383905738187503
XLE,US10Y,0.01,-0.04827970881736541,0.011476111788528798,0.9283854426112792,0.17437012449109013
XLE,US10Y,0.05,-0.022295154040391996,0.0035292873539323455,1.061946292707657,0.026639700326931526
XLE,US10Y,0.1,-0.015196197961796441,0.00269246995243425,1.5362338062907364,0.029348069586276226
XLE,US10Y,0.25,-0.007127792886027514,0.00375834844007355,3.2788288517645143,0.02285984908236749
XLE,US10Y,0.5,0.0023633025812687235,0.003233445187679971,3.5651789115604546,0.019328711443713398
XLE,US10Y,0.75,0.010522436046206183,0.0026199277877944427,2.8976676044030727,0.026732759981714316
XLE,US10Y,0.9,0.017036410198222763,0.003433692147385186,3.1695409413591937,0.03619741845783819
XLE,US10Y,0.95,0.020791682956529493,0.0029025064491841413,2.0881690307698317,0.04356445108550533
XLE,US10Y,0.99,0.02912494258519956,0.0051722592317321086,2.650303112256319,0.11280231161915244
XLE,VIX,0.01,-0.04145398807227852,-0.010120541052824802,-1.120494156329291,0.3831033486807761
XLE,VIX,0.05,-0.024951120484754383,-0.009997941992630705,-1.9400861502639761,0.15196292499456365
XLE,VIX,0.1,-0.015490921287326246,-0.0060932289144366965,-2.8039851287526596,0.08837633496198816
XLE,VIX,0.25,-0.007669701435480327,-0.006285319986374414,-5.236937385370779,0.05750696876388861
XLE,VIX,0.5,0.0025639059058239102,-0.00443041065534783,-4.701428472736437,0.024114893449904806
XLE,VIX,0.75,0.010405576498445075,-0.005306664447315841,-5.679923165159438,0.03916395264748329
XLE,VIX,0.9,0.016572004913410467,-0.005576807698365937,-3.752698335802059,0.06959698772906908
XLE,VIX,0.95,0.021515295458569623,-0.006046451308505418,-2.2989187585535165,0.08958470530238483
XLE,VIX,0.99,0.02776572409965202,-0.005344068629108285,-1.4864996269709791,0.2800934953283566
XLV,OIL,0.01,-0.029623149326583855,0.003445383678491445,0.6795939698342903,0.013027057702299172
XLV,OIL,0.05,-0.015487034752501502,-0.0008285221449344172,-0.4548869313752288,0.01047977384645371
XLV,OIL,0.1,-0.010650662451077604,-0.0007961387673799713,-0.8183564889064923,0.003786093476723873
XLV,OIL,0.25,-0.005875350050521059,-0.0016497214691381637,-2.3951248405951993,0.014709440825012687
XLV,OIL,0.5,0.00043986423989567135,-0.0025697044018792217,-4.336542018399807,0.03490038171549026
XLV,OIL,0.75,0.005981305792903096,-0.0027246556719812977,-5.1035553891356535,0.03715294079561693
XLV,OIL,0.9,0.012623552100528637,-0.001775003012813955,-2.3861884924951466,0.021856435460132162
XLV,OIL,0.95,0.018439857562438804,-0.0014609433627271043,-1.2057042929071506,0.00931141004172964
XLV,OIL,0.99,0.024157515556156264,0.0005322674674849649,0.1441037338390986,0.0030948686105671808
XLV,DXY,0.01,-0.027833228739002274,0.00010326670901270881,0.023140035813657627,0.00202897440525196
XLV,DXY,0.05,-0.015741955443722987,-0.00046032273126614506,-0.16963504408467664,0.0008587355589069201
XLV,DXY,0.1,-0.010949555599921236,-1.93584820429293e-05,-0.017987290260599614,2.6965603086015477e-05
XLV,DXY,0.25,-0.005620340477286077,-0.0008056360240242458,-1.0559908957659552,0.002940075088504246
XLV,DXY,0.5,7.083503809016535e-05,-0.0017365122211014123,-2.8384848004765204,0.01232457981100088
XLV,DXY,0.75,0.006594965733674029,-0.0015715348296556169,-2.237536502955559,0.01089881158746453
XLV,DXY,0.9,0.012651382430229641,-0.002133158374463867,-2.5533186999644184,0.014663443324834158
XLV,DXY,0.95,0.01829615264565169,-0.00017774526431859204,-0.11206365715583316,0.00015907087244648732
XLV,DXY,0.99,0.023824587113933447,0.00018010860274923386,0.09724698639558241,0.0037874669157546004
XLV,US2Y,0.01,-0.029656753943077464,0.007031222334132814,1.3775535385668822,0.05405850408665025
XLV,US2Y,0.05,-0.015192051565335894,0.0018971736228902446,1.6230285136770584,0.007797362321375845
XLV,US2Y,0.1,-0.010503107131840831,-0.0005961007801318118,-1.0437802137540628,0.0012478355440898037
XLV,US2Y,0.25,-0.005903625976090983,-0.00028885165281701986,-0.5073604951708702,0.0009557094697832946
XLV,US2Y,0.5,7.257357622271029e-05,-0.0005838629307047592,-0.9347734929389458,0.0036826224523460738
XLV,US2Y,0.75,0.006378032173983217,0.00030086987829212923,0.37899267048188934,0.0003685011106215885
XLV,US2Y,0.9,0.012749676070459875,0.0005743932665285328,0.42132678150942315,0.0019345733670181886
XLV,US2Y,0.95,0.01802076026070176,0.0014490192408690976,0.6629288929980749,0.012845073518655714
XLV,US2Y,0.99,0.029328564999056082,0.003863799474197165,1.0620176447514127,0.08934240554558093
XLV,US10Y,0.01,-0.028244744094909173,0.0005363458630161298,0.1705996752634177,0.0043017628345654035
XLV,US10Y,0.05,-0.015078507713877075,-0.0023778646537878055,-1.3229758930230804,0.024410156862260557
XLV,US10Y,0.1,-0.010790633798288228,-0.0013461127252905275,-1.4590378344502755,0.0096797975674906
XLV,US10Y,0.25,-0.005564220610486261,-0.0017680638710395472,-2.575125314217775,0.017495133796250784
XLV,US10Y,0.5,-5.4822176440215504e-05,-0.0019527443460664287,-3.399489847592015,0.03677723281373513
XLV,US10Y,0.75,0.0062958536551076345,-0.0017268816517563355,-2.278127424394691,0.016735467987653463
XLV,US10Y,0.9,0.012685694629088822,-0.0013253751940460103,-1.1907791798810365,0.006913070776099595
XLV,US10Y,0.95,0.018050054114845476,-0.0016889539631388729,-0.9899840350849675,0.0015828808580161668
XLV,US10Y,0.99,0.030615620264091675,0.0041529463794794915,1.1733446023003913,0.030653789143325283
XLV,VIX,0.01,-0.02399966180735345,-0.007594419364991509,-0.8727908707757617,0.26025745684276513
XLV,VIX,0.05,-0.013604699890638132,-0.005980125020858146,-3.3839663175868373,0.1981534534891055
XLV,VIX,0.1,-0.010072463603861699,-0.006005064646498622,-4.767742483153632,0.14508899211706539
XLV,VIX,0.25,-0.00551310327769558,-0.00548524179079753,-6.831439997878856,0.10984294672007455
XLV,VIX,0.5,0.00038711740136435476,-0.0049412787275224836,-8.682677812223725,0.11256047190662899
XLV,VIX,0.75,0.005719270031903442,-0.005068290753225315,-7.6925923643229135,0.11432947210993538
XLV,VIX,0.9,0.011677996561425071,-0.004971417356452459,-6.83466332383885,0.1190657569059912
XLV,VIX,0.95,0.015317338501051086,-0.004915584791192699,-5.1447683723249344,0.12371165566823394
XLV,VIX,0.99,0.023931388525449942,-0.0021244373199140825,-0.3685078319447654,0.15782185131970627
XLY,OIL,0.01,-0.03456416320028371,0.003646380668689428,0.8810289630053265,0.13891557906041574
XLY,OIL,0.05,-0.02335879792420394,0.0013183141619133147,0.5357070603688883,0.011922771455234238
XLY,OIL,0.1,-0.017779982987899515,0.000278455328226822,0.12664477454000986,0.00019276044215710275
XLY,OIL,0.25,-0.006590954656408584,-0.0022669341773297537,-2.4304845298382842,0.015058597740557178
XLY,OIL,0.5,0.00036512412775862376,-0.004089967203079402,-5.814794296841889,0.034079313875858164
XLY,OIL,0.75,0.007961151572415299,-0.003289699568706033,-3.8400885464548726,0.04104500873138617
XLY,OIL,0.9,0.01479823746037375,-0.00254471098008125,-2.64263046120053,0.045707788819374984
XLY,OIL,0.95,0.019333220533247687,-0.0018016756679542466,-1.4816391138140967,0.031730617186016
XLY,OIL,0.99,0.031217431890269,0.0005457806232300327,0.09674149906255683,0.0063871906507647624
XLY,DXY,0.01,-0.03403829377152675,0.007490110208785018,2.275762880186263,0.09747777297519944
XLY,DXY,0.05,-0.02246417967547098,0.0026071142690993294,1.1514271708639765,0.03452525802692785
XLY,DXY,0.1,-0.017796390800820957,0.0022070253926414645,0.9619276159205858,0.02070766219012876
XLY,DXY,0.25,-0.007646481472908058,0.0001232863943711863,0.11036027951867876,5.38976090864729e-05
XLY,DXY,0.5,0.0005639759745847082,-0.0015543167485842775,-2.031759932463596,0.007673350878651064
XLY,DXY,0.75,0.007889045762240686,-0.001426668742524653,-1.6893995019390506,0.0076228326917651135
XLY,DXY,0.9,0.016008613808913788,-0.0017894198924353858,-1.260275931745699,0.0027425954585608148
XLY,DXY,0.95,0.02115162071604353,0.00043842523404221485,0.22221062343847942,0.0009745794449941281
XLY,DXY,0.99,0.03556530797226754,0.0039018256954818408,0.8232476115400625,0.04365073978557299
XLY,US2Y,0.01,-0.033058167636163475,0.004774177858657844,1.477188353124007,0.13957309234057502
XLY,US2Y,0.05,-0.023549159937076843,0.0005058878337911433,0.26450234724196775,0.003215510197006499
XLY,US2Y,0.1,-0.017399960597936585,0.0008594265008972824,0.4562039491799867,0.0013859644913216673
XLY,US2Y,0.25,-0.007223582071217395,-0.0012249612339556148,-1.3234746193705489,0.0031468930133621287
XLY,US2Y,0.5,0.0005401987595486023,-0.0003687787060262156,-0.4709114431563876,0.0001398900758180499
XLY,US2Y,0.75,0.008003597383721013,-0.0011617925841847633,-1.1763936973118019,0.005618427589285435
XLY,US2Y,0.9,0.01606168520234759,-0.0015245129053596247,-0.8187751191869542,0.012748312159230668
XLY,US2Y,0.95,0.02127245314099092,-0.0019470256248119277,-0.8264728537058861,0.005148909029984106
XLY,US2Y,0.99,0.034451172305201914,0.0031833274713495853,0.4807574974334753,0.09267302978760583
XLY,US10Y,0.01,-0.0357334025506161,0.005784267327141957,1.4496885215660198,0.15449187271238485
XLY,US10Y,0.05,-0.023925751528726814,0.0014887405430153643,0.5705100699059994,0.013114404753972742
XLY,US10Y,0.1,-0.017562767916273096,0.0001384504558797434,0.05468064708542369,-9.986073818968322e-06
XLY,US10Y,0.25,-0.007347155503504571,-0.0012854207850874308,-1.2074017104430255,0.005658723932100096
XLY,US10Y,0.5,0.000707922911613739,-0.002325137730729155,-3.0426323321889326,0.01013050117435188
XLY,US10Y,0.75,0.007695031644066814,-0.002730038249475411,-3.253011562646686,0.018603353097010777
XLY,US10Y,0.9,0.016388590524449277,-0.0028552537004234643,-1.8079982253236018,0.02223967573228125
XLY,US10Y,0.95,0.02010900386884593,-0.0024823106668020933,-1.6260448607735922,0.023461526658433263
XLY,US10Y,0.99,0.03843605888857401,0.005897091434536027,1.0098712706124535,0.08637869528433806
XLY,VIX,0.01,-0.02289870773002032,-0.009893275577107613,-2.5981720950165137,0.47832714180475255
XLY,VIX,0.05,-0.014006107137162193,-0.010633158204890593,-6.723402728735851,0.3924182216405905
XLY,VIX,0.1,-0.010500980317467195,-0.012289386706090345,-12.874872608851382,0.39490916744803495
XLY,VIX,0.25,-0.005513509649071833,-0.011961854346839837,-21.02506843942978,0.3691902981022932
XLY,VIX,0.5,0.00032572566634480997,-0.012416933880308605,-22.293686049287484,0.33874280312985083
XLY,VIX,0.75,0.005453348940235259,-0.012490939824068131,-19.29336391930285,0.3298042485093542
XLY,VIX,0.9,0.010867756791555263,-0.010849181998247838,-9.411785737462797,0.34566788839668416
XLY,VIX,0.95,0.015217054025243513,-0.010057962750157811,-3.182036082063064,0.35757722263646396
XLY,VIX,0.99,0.022272789351110035,-0.009272425736298521,-2.0576717710946415,0.5001958141703187
XLP,OIL,0.01,-0.024103447692805067,0.0014004447956542467,0.3159242805965112,0.023218758398310224
XLP,OIL,0.05,-0.01242407225583994,-0.0010428571778955565,-1.4104474284479864,0.004554202543702757
XLP,OIL,0.1,-0.01001760143114091,-0.0010772751216768556,-1.5465577037665943,0.011681162124853706
XLP,OIL,0.25,-0.005065161728939773,-0.001468100422738536,-2.309499294348849,0.008163103431543806
XLP,OIL,0.5,6.445282079445985e-05,-0.0011315051268664,-2.1670879891032278,0.01166399230540649
XLP,OIL,0.75,0.005332001128404372,-0.0006395099251593495,-0.869020411840867,0.001959995414157256
XLP,OIL,0.9,0.011718546733337633,-0.0002065627554562459,-0.17773834298877297,0.0008990217249148502
XLP,OIL,0.95,0.014601980593366532,-0.0006448551039140655,-0.4898923496487266,0.0025213409061800585
XLP,OIL,0.99,0.020695559927398664,0.00035672907482933903,0.11499700837280025,0.0110043069985859
XLP,DXY,0.01,-0.020016393102224476,-0.003790159974139432,-2.2368763350384158,0.11893276789136209
XLP,DXY,0.05,-0.013612913229026856,-0.001588872512560387,-1.2981279737630231,0.017732001339550885
XLP,DXY,0.1,-0.010270645483387185,-0.00045355577487878876,-0.5547646978503988,0.0024891607288745066
XLP,DXY,0.25,-0.004906340984657464,-0.0017349794812881677,-2.729719165799449,0.01793731745851046
XLP,DXY,0.5,0.00027460490253747375,-0.0012486688379106043,-2.3798374629730454,0.009887526086847731
XLP,DXY,0.75,0.005007123625910848,-0.00019607609997883253,-0.3909476124374316,0.0003391022679188893
XLP,DXY,0.9,0.012066932904403943,-0.00018984167938170432,-0.2470480401992304,0.0009541696376699216
XLP,DXY,0.95,0.014623032213866965,0.00019772705156235904,0.2881296628205462,0.00030461345295940134
XLP,DXY,0.99,0.0209806549720112,0.00221544918553821,3.9580831191894688,0.011596389439449961
XLP,US2Y,0.01,-0.022774280256513,0.0033698364183099103,1.1138601526337988,0.020184676590880635
XLP,US2Y,0.05,-0.013354908632072558,-0.001139918786977009,-1.1709716547070363,0.013882665868683919
XLP,US2Y,0.1,-0.009928083801690128,-0.0006517128345536228,-1.1407377771855507,0.002272496554514225
XLP,US2Y,0.25,-0.005224430780108762,-0.0014104042187495526,-2.286818721390031,0.015494562264786182
XLP,US2Y,0.5,1.242054294651792e-05,-0.0005670355165850957,-1.0671032981461335,0.006553730148981862
XLP,US2Y,0.75,0.005007000670170289,-0.0007997240911752758,-1.3114712018698285,0.005470729662831575
XLP,US2Y,0.9,0.011945628320277952,0.00018345417271185789,0.21193247276031674,0.00037464526062214176
XLP,US2Y,0.95,0.014494923048260947,-0.00023150403168362954,-0.2755535034229655,0.0007717099667324812
XLP,US2Y,0.99,0.025072709052614866,0.0037816160729442815,1.3702207821803105,0.037233406245821055
XLP,US10Y,0.01,-0.021102741926643045,-0.0017718111587681784,-0.9220035690268474,0.029892188808730236
XLP,US10Y,0.05,-0.012244728438145284,-0.0016003289918947797,-2.5193703572429937,0.037187689481672725
XLP,US10Y,0.1,-0.010078151533444253,-0.0018939458950900058,-2.5389295599499784,0.031052628791887527
XLP,US10Y,0.25,-0.005225327967414235,-0.001823532224319864,-2.7644888049344263,0.02640011163113054
XLP,US10Y,0.5,0.00032624277056646033,-0.0014648962785969047,-2.7066486728595383,0.015311549413442038
XLP,US10Y,0.75,0.005405102609074601,-0.002191284722225302,-3.7512123418776073,0.017895711321928798
XLP,US10Y,0.9,0.011832333621678666,-0.0005673796910669423,-0.6072723929932977,0.002238189561048709
XLP,US10Y,0.95,0.014552189007891373,-0.0005915755814234423,-0.5847341121201934,5.136764526358917e-05
XLP,US10Y,0.99,0.022231519320396673,0.0013236390745149907,0.5702132524796308,0.01821234669865146
XLP,VIX,0.01,-0.019902760431442585,-0.003702235744482893,-4.042956789886758,0.231756270656568
XLP,VIX,0.05,-0.013264182296606163,-0.004346596286004982,-2.84978008682466,0.09419840876592267
XLP,VIX,0.1,-0.009915416841153142,-0.004206722652019675,-4.98896939859799,0.06829195837058222
XLP,VIX,0.25,-0.005246962750408531,-0.003467632309471345,-5.643554012268401,0.032603441182856185
XLP,VIX,0.5,-9.90479669256469e-05,-0.0016969169715922233,-3.100217014976179,0.012078687839525148
XLP,VIX,0.75,0.005542575325845163,-0.0015167109221781922,-1.8054891056450049,0.012330021203599384
XLP,VIX,0.9,0.011887460467767307,-0.0018662689271514345,-1.3229278208481876,0.030165606534382494
XLP,VIX,0.95,0.014156072658071464,-0.0021116604704713984,-1.0871534172988362,0.04204851503821894
XLP,VIX,0.99,0.019506909921797547,-0.0021145476547782456,-0.5912887264104458,0.131514170231253
XLU,OIL,0.01,-0.02408717183992418,0.0006421207603267382,0.21991817187072277,0.0031846415482756907
XLU,OIL,0.05,-0.01644773291740361,-0.0008531606497663136,-0.4693155337551266,0.001295942754809265
XLU,OIL,0.1,-0.011299094608164697,-0.0004297871156875577,-0.4377940757224493,0.0005818808646435025
XLU,OIL,0.25,-0.00501030779882421,-0.000383606354413288,-0.4986503036758572,0.0015400332166162212
XLU,OIL,0.5,0.001246881302654038,-0.0003599197885371169,-0.5784953707886595,0.0006277463719326359
XLU,OIL,0.75,0.007204790745503224,-0.00020350668565598685,-0.29215246759985875,0.0004066376703445451
XLU,OIL,0.9,0.011685537308616503,0.00011936475484715759,0.13450995192230103,0.0003932931747305801
XLU,OIL,0.95,0.015844285696042845,0.0008051167184872628,0.4627709034768964,0.0032029028909492663
XLU,OIL,0.99,0.026470989327891888,0.0025574070020285707,0.4094548517905785,0.04249144793254134
XLU,DXY,0.01,-0.02862651756534101,-0.002136327026484345,-0.29769845379362664,0.037223723489276606
XLU,DXY,0.05,-0.01643707716018798,0.0011746940302466934,0.5885177164040851,0.0018082306599727094
XLU,DXY,0.1,-0.0113616462451842,-0.0004993373229130394,-0.4295040858219804,0.0009541709062763637
XLU,DXY,0.25,-0.004971177231646344,-0.0007171450418221542,-0.834137664242822,0.0037815551288732374
XLU,DXY,0.5,0.0011100555354994828,-0.0010287465483559723,-1.651277731694634,0.0035756139984189916
XLU,DXY,0.75,0.0073296986785396714,-0.0008373164671090419,-1.3749226392414764,0.002452672900713493
XLU,DXY,0.9,0.01158320200447672,-0.0013811553093496364,-2.678604517910303,0.01754814665422444
XLU,DXY,0.95,0.015384990722667078,-0.0023772108992827835,-3.479844806267833,0.007075406368595605
XLU,DXY,0.99,0.026175131518093215,0.0004721636467019623,0.16337881585740413,0.009438704561876343
XLU,US2Y,0.01,-0.025524638764656462,-0.002066838410764737,-0.6908417594786153,0.00899400618000501
XLU,US2Y,0.05,-0.015879863474308403,-0.0022310679819113515,-1.0815351025522486,0.006371408593970118
XLU,US2Y,0.1,-0.011351078991701307,-0.001440975319521452,-1.2944221683234007,0.013811622343579244
XLU,US2Y,0.25,-0.005234003767716201,-0.0006892967707487792,-0.9394105052060786,0.003716433265522845
XLU,US2Y,0.5,0.001246896271178674,-0.0004379900680818194,-0.7065150542863301,0.0011159026025622243
XLU,US2Y,0.75,0.00711032999659952,-0.0004161661293254891,-0.7049783294583604,0.001464962423191274
XLU,US2Y,0.9,0.011655693745055219,-0.0004015343477375754,-0.5578682364739677,0.0015993271116101493
XLU,US2Y,0.95,0.015171885413089095,-0.0013163413633282392,-1.2359104257198237,0.010269683703540755
XLU,US2Y,0.99,0.026845997053158037,0.0034494119419639716,1.0960075727605247,0.10581570436851617
XLU,US10Y,0.01,-0.028886001605767424,-0.0026987218733494998,-0.4079452771142594,0.007219632478579707
XLU,US10Y,0.05,-0.015123785540455514,-0.0029011351577493153,-1.698714694326455,0.026955739781637678
XLU,US10Y,0.1,-0.011370133798872518,-0.002564092058765531,-2.05782962883422,0.03320019380482253
XLU,US10Y,0.25,-0.004806099456703477,-0.0024047480971945857,-3.3584083582008266,0.033919163864272406
XLU,US10Y,0.5,0.0011073381535659365,-0.0025758445277924555,-4.41859142833044,0.030169982354340097
XLU,US10Y,0.75,0.006492148650135182,-0.0021807134714986903,-3.4779003614620883,0.021796934527374634
XLU,US10Y,0.9,0.011759955590608447,-0.0020890741704006847,-2.7764975112559513,0.027763176539879475
XLU,US10Y,0.95,0.014100646266526514,-0.0022100709041951755,-2.6145930904171664,0.025488493530245182
XLU,US10Y,0.99,0.028089630431075614,0.0036805918893695793,1.3559795490872464,0.045599973749790745
XLU,VIX,0.01,-0.02249024630999995,-0.006977075094706376,-1.5050897074427296,0.2919033390664124
XLU,VIX,0.05,-0.01577947309629606,-0.00579175416300056,-3.101393446240177,0.16736022580841825
XLU,VIX,0.1,-0.011938031363620094,-0.005772886237959964,-3.3155339266358106,0.10041089774357748
XLU,VIX,0.25,-0.004645004865519107,-0.003740700496192885,-5.020911577378808,0.04849926289576445
XLU,VIX,0.5,0.0006546089859793705,-0.003964590410287248,-6.929317694422957,0.05041648773372254
XLU,VIX,0.75,0.006629775154240494,-0.003570002330458305,-4.523445360717654,0.043126532389619165
XLU,VIX,0.9,0.011771394895298349,-0.0030670438290009714,-2.5786108258891955,0.06159317168129763
XLU,VIX,0.95,0.014499944952850377,-0.0027556592702239896,-1.478377893453808,0.09235477152175686
XLU,VIX,0.99,0.021454957422331698,-0.004255907982743873,-2.93131560335701,0.14965372369064223
XLI,OIL,0.01,-0.040343525847423976,0.006532549438903209,0.43480915606246556,0.07279570479627195
XLI,OIL,0.05,-0.016411577587200542,-0.00045913942871204125,-0.2211138099457102,7.3650785001877495e-06
XLI,OIL,0.1,-0.012537001136475084,-0.0013179116408113265,-0.9391014152454558,0.0013266113437724325
XLI,OIL,0.25,-0.005160773713098351,-0.0014748239752140728,-2.0203209187810334,0.005129848554773941
XLI,OIL,0.5,0.0009402804354323113,-0.0027370592078453503,-4.083191091537136,0.019608742903944654
XLI,OIL,0.75,0.008208060000092174,-0.001779267146122786,-2.4405258634522586,0.02285830872169592
XLI,OIL,0.9,0.012260786498442077,-0.001735113476364957,-1.8640602780463218,0.02536686348837458
XLI,OIL,0.95,0.017501540684080597,-0.00318401011530124,-1.4293066711897608,0.04194652012965272
XLI,OIL,0.99,0.03080669182646885,-0.0009900908924438247,-0.08771203576918134,0.034271046939445715
XLI,DXY,0.01,-0.0327737797803662,0.006053252216467888,0.9140140788927349,0.029214510267111526
XLI,DXY,0.05,-0.01737251930785063,0.0018234813585053158,0.7737521752851105,0.0177382350738019
XLI,DXY,0.1,-0.012513733967967854,0.001032448496596251,0.6475905969439387,0.011454529522925472
XLI,DXY,0.25,-0.00485874470005351,-0.00027984144726566414,-0.35883699202919395,0.00011527724199844602
XLI,DXY,0.5,0.0005378109997554311,-0.0013136684927157068,-1.9129374298466422,0.00203090976522724
XLI,DXY,0.75,0.00810517040950873,-0.000917731215912542,-1.3033612981190945,0.0018374926631057331
XLI,DXY,0.9,0.012638592485020618,-0.0014974390345577405,-1.6256663001061937,0.004968461632235854
XLI,DXY,0.95,0.01705290081843501,-0.001405194081032247,-0.9043471644528546,0.009792058459850983
XLI,DXY,0.99,0.031680894322693116,-0.0004119092897762355,-0.05472124936583465,0.007787607250861139
XLI,US2Y,0.01,-0.035146730547129273,0.006994852495543578,0.7122344624012418,0.0848736121157323
XLI,US2Y,0.05,-0.017845898304609722,0.0030760380751729465,1.6877724579659894,0.011246481179163825
XLI,US2Y,0.1,-0.01229675684107384,0.0008251705589711247,0.9749683667374032,0.005847389424581517
XLI,US2Y,0.25,-0.005208247063685089,0.00021352107786251843,0.31806753492508066,0.00036338438577399046
XLI,US2Y,0.5,0.0006598492691372326,-0.0007619861775043338,-1.1030743490981842,0.00251589089946358
XLI,US2Y,0.75,0.007705077013736651,-0.0008812703306524093,-1.257656514499714,0.004586390885046421
XLI,US2Y,0.9,0.012396064570028181,0.00031153794200710315,0.3156688958655216,0.0011429586103535172
XLI,US2Y,0.95,0.017413657050156437,0.000482289414767502,0.21718624337747652,0.0031199087604807385
XLI,US2Y,0.99,0.03473830857365698,0.006716305409719945,0.7559364730694126,0.06659385436984222
XLI,US10Y,0.01,-0.035873687151917875,0.006772352124834008,0.9928870611608259,0.12018861987542717
XLI,US10Y,0.05,-0.016697989075263618,-0.00014599225624847755,-0.06349578470969658,0.0005321992838867029
XLI,US10Y,0.1,-0.012353898475072603,0.0005580591381902269,0.3285585622023999,0.000768252926424462
XLI,US10Y,0.25,-0.0050886782797451135,-0.0008533799253395782,-1.1153802693234873,0.005016538521563696
XLI,US10Y,0.5,0.0006554439878916502,-0.0019392918168593149,-2.961608449895846,0.014005951061550226
XLI,US10Y,0.75,0.007936333518446395,-0.0009091339148914297,-1.288065490324264,0.003489275286179927
XLI,US10Y,0.9,0.012275804183312278,-0.0005962758302932446,-0.7148092894701911,0.0002033031325409107
XLI,US10Y,0.95,0.017529383849646484,5.0307615597264975e-05,0.025523770910044097,0.00016371034946449647
XLI,US10Y,0.99,0.032372912146208126,0.00032322473266717703,0.0387254055971431,0.0024542510257286043
XLI,VIX,0.01,-0.018649397279599463,-0.00928611329684352,-3.1610282729723735,0.5577368691283634
XLI,VIX,0.05,-0.011828545459876494,-0.008755279471441849,-6.2410014382581265,0.3718433360744141
XLI,VIX,0.1,-0.00818804109182543,-0.007925930713810907,-11.210970284666171,0.3320614702272924
XLI,VIX,0.25,-0.00459376850436264,-0.008427820174298202,-13.771565241528414,0.28646605060029484
XLI,VIX,0.5,0.0008355634661954517,-0.009188105547041251,-16.473735290790216,0.26484417839418006
XLI,VIX,0.75,0.006287613004662273,-0.009758681734346315,-20.58799143279667,0.2793457749876106
XLI,VIX,0.9,0.010054205337685035,-0.008563322128090758,-7.908152644578765,0.3077034216656649
XLI,VIX,0.95,0.014036029548435417,-0.008922495150998818,-6.741364281032755,0.3623119719904718
XLI,VIX,0.99,0.019298465748135905,-0.009624984216580326,-13.036074432632436,0.5564337449361675
XLB,OIL,0.01,-0.03255001491041875,0.0041419908551789475,0.5268488775199646,0.10811805377527994
XLB,OIL,0.05,-0.019353218983687408,0.0009362850620953529,0.36916945995798944,0.0010873689751352833
XLB,OIL,0.1,-0.01364898158969397,0.0012370601977775876,0.9344300486021193,0.0036590979681651037
XLB,OIL,0.25,-0.006159243900092226,-0.001000509640906899,-1.1359921008366805,0.007547378225451817
XLB,OIL,0.5,0.0007760204965032233,-0.001940976681067538,-2.962608434302736,0.01640811603344816
XLB,OIL,0.75,0.007283613565010244,-0.0018107604833609394,-2.0613939380714434,0.009229461985573506
XLB,OIL,0.9,0.014282292756649276,-0.001523030972529907,-1.2058775840895801,0.013371375982866418
XLB,OIL,0.95,0.019613498441160622,-0.0021300513096072773,-0.9711644211035236,0.005957970204005569
XLB,OIL,0.99,0.025708078717978953,-0.001169835000599753,-0.33001162030706355,0.029543629714861463
XLB,DXY,0.01,-0.02953532562069739,0.0029005216666474266,0.7360407425218256,0.05775035444539556
XLB,DXY,0.05,-0.018528658214414892,-0.0007727531288073319,-0.29944885973119245,0.0015878354787592919
XLB,DXY,0.1,-0.01333837118367805,-0.0005896715810646758,-0.32885759318852015,0.0037857214784300375
XLB,DXY,0.25,-0.005827529399207078,-0.00204551426022461,-2.139994221836013,0.013817324845435519
XLB,DXY,0.5,0.0008109679376920265,-0.002222788326078236,-3.329098766269369,0.01999962536812039
XLB,DXY,0.75,0.007245727742049717,-0.002792521950528394,-3.7322830539385903,0.01739458012494255
XLB,DXY,0.9,0.014721734029949142,-0.0019648286826049683,-1.5952069676997918,0.00509474929007947
XLB,DXY,0.95,0.01961507256626084,-7.363242184523001e-05,-0.04814960696620305,3.6482317215646987e-05
XLB,DXY,0.99,0.026578588961684767,-0.001107992293583197,-0.4028608012359307,0.023588146931720844
XLB,US2Y,0.01,-0.027388527792535936,0.004798040495120219,1.456867271472083,0.05626177850107339
XLB,US2Y,0.05,-0.019391963438287377,0.0026877748846277807,2.1703355311066717,0.006897835659303353
XLB,US2Y,0.1,-0.013640253952340262,-7.711804015968649e-05,-0.07805936293671661,5.986035477756335e-05
XLB,US2Y,0.25,-0.0064627470964350444,-0.00032232934990300587,-0.403476095301669,0.0006779293657077634
XLB,US2Y,0.5,0.0007596270158548685,3.440718356622497e-05,0.050036647488935874,1.4704933726239489e-05
XLB,US2Y,0.75,0.007419314774721091,-0.0005134425750943488,-0.6007133343715165,0.00017223699721857777
XLB,US2Y,0.9,0.015141639544432544,0.001425276252729528,0.8445425302022489,0.007178631554077386
XLB,US2Y,0.95,0.019559391133499356,0.0007598348352224719,0.32504965629866744,0.00799317996019333
XLB,US2Y,0.99,0.03166834559177312,0.004312737553504545,0.6109104665837811,0.0444870097698965
XLB,US10Y,0.01,-0.03630997777681158,0.003388742975005722,0.3586960057084217,0.038611847579242076
XLB,US10Y,0.05,-0.019312519981330337,-0.0003353441210818812,-0.1262085273724585,0.001386017019919139
XLB,US10Y,0.1,-0.012849004023717166,-0.0013974921672869937,-0.9005912368371142,0.007211873346022912
XLB,US10Y,0.25,-0.005540253761925049,-0.003012747146891922,-3.593032717673192,0.032514266977744066
XLB,US10Y,0.5,0.0006194366570957417,-0.0028315880500073415,-4.374751166121909,0.03137813680725787
XLB,US10Y,0.75,0.007137130636528894,-0.0019970195057447604,-2.5102839365852208,0.019007373533345473
XLB,US10Y,0.9,0.015230082598433519,-0.0010765998759089419,-0.8168686208738142,0.006764828566959591
XLB,US10Y,0.95,0.019568084277962434,-2.884741849539017e-05,-0.01799051275141373,-2.01383161457791e-06
XLB,US10Y,0.99,0.024922901123276133,0.002097712738619028,1.0871710629477291,0.022792310468814803
XLB,VIX,0.01,-0.021009321424913494,-0.006329796886558366,-3.1269500997113,0.49630340304557374
XLB,VIX,0.05,-0.014040691848995623,-0.008079464029331808,-7.206921049457188,0.32407282128915627
XLB,VIX,0.1,-0.01119248014419972,-0.007889175267036886,-8.285201103184004,0.2825030349644697
XLB,VIX,0.25,-0.004947305880759367,-0.008339454942042154,-12.764624520885954,0.23115041093513344
XLB,VIX,0.5,0.0009243398747911256,-0.009159308803498497,-15.85303064619539,0.2227671746390929
XLB,VIX,0.75,0.0064852721798438605,-0.00904166165182102,-16.56781246271386,0.23873960965308305
XLB,VIX,0.9,0.012624456450004934,-0.009198860935886021,-12.93863548653928,0.2578096293703326
XLB,VIX,0.95,0.015180815595156334,-0.009491281305889273,-15.411611758156871,0.2802433321682033
XLB,VIX,0.99,0.023113768775679354,-0.006922726045002669,-1.3626379414102252,0.4602034980740952
XLRE,OIL,0.01,-0.02843717636483502,0.0046535460606710885,1.0794286353720015,0.05945040515212896
XLRE,OIL,0.05,-0.0186798327940933,0.0021310600124521085,0.8775745077363558,0.019180055613939095
XLRE,OIL,0.1,-0.011694527923878522,-0.00017382811796881224,-0.14921887947920207,0.00035870355159006717
XLRE,OIL,0.25,-0.004733988720093495,-0.0007852905210643927,-1.0305003705333418,0.0064437922392627245
XLRE,OIL,0.5,0.0011505731851876725,-0.001695671624735567,-3.219943753106106,0.010113274703488884
XLRE,OIL,0.75,0.006009408793325475,-0.001830437018931752,-2.951824127316941,0.026788457122785436
XLRE,OIL,0.9,0.01256498333970694,-0.000748974700660955,-0.5420022499102222,0.009554575266529586
XLRE,OIL,0.95,0.0159838050625625,-0.00018576770798371718,-0.10999493258049882,0.0029529403863760573
XLRE,OIL,0.99,0.02185205426917036,0.0006161710179195419,0.6189654002718646,0.0030224517068462298
XLRE,DXY,0.01,-0.027691758045299813,2.7312391917514062e-05,0.00407216548709806,0.0008211739277698138
XLRE,DXY,0.05,-0.017729200845458478,0.0009932854834723696,0.3220072495409196,0.01353108050710572
XLRE,DXY,0.1,-0.011632994762750901,-3.698494683587781e-05,-0.020016244443254866,3.37231332343535e-05
XLRE,DXY,0.25,-0.004713279527279985,-0.0013716601729051004,-1.5796283867927716,0.006242671183586679
XLRE,DXY,0.5,0.0012675263246524876,-0.0018585084215695985,-3.5964955746904317,0.016425449507404988
XLRE,DXY,0.75,0.005778818369939608,-0.0020107359318400743,-3.779819983516288,0.02907590367926083
XLRE,DXY,0.9,0.011702235972767013,-0.0030339611572668544,-5.964410267970197,0.03883082306657326
XLRE,DXY,0.95,0.015731402380867954,-0.0008969873279468584,-1.0404360677299165,0.010522102042930359
XLRE,DXY,0.99,0.020996066262352828,-0.0004929964177953899,-0.6746814610477574,0.004974832195233425
XLRE,US2Y,0.01,-0.02848967562295404,0.0017607657604696656,0.48571219623376594,0.02679726949808836
XLRE,US2Y,0.05,-0.017491822515340934,-8.723139506228882e-05,-0.04382049872735083,0.00020235040353733247
XLRE,US2Y,0.1,-0.011121697752035108,-0.0024145478414241,-2.596485206638731,0.016569549340926915
XLRE,US2Y,0.25,-0.004712284096380697,-0.0012759503535920446,-1.9302872855163902,0.007567914161965228
XLRE,US2Y,0.5,0.0011110728873166228,-0.0006397875740523261,-1.18849402137554,0.005114059394912718
XLRE,US2Y,0.75,0.006093119113667452,-0.0011626338126646421,-1.8910380713285964,0.012828016502654416
XLRE,US2Y,0.9,0.0124072363240974,-0.0012988563119900628,-1.3808588176850438,0.0066239107184064006
XLRE,US2Y,0.95,0.01603348816872253,-0.0001890907476853908,-0.17964787350471847,0.0004376408527552167
XLRE,US2Y,0.99,0.021667011988639438,0.002037129694566767,0.7040915375628474,0.0315388509187321
XLRE,US10Y,0.01,-0.028610978904038648,0.0006111428755199636,0.11903523199718408,0.006310297456545877
XLRE,US10Y,0.05,-0.015350437754679558,-0.004294576580964418,-1.893368959537735,0.07610753900061185
XLRE,US10Y,0.1,-0.010499947022163099,-0.003942238650550571,-3.2361827009772015,0.08068518803386304
XLRE,US10Y,0.25,-0.005107716424341482,-0.0033464226279455354,-4.218526554802063,0.054564188732460495
XLRE,US10Y,0.5,0.0010969226938948062,-0.0021983826500763227,-4.006822381294372,0.027164200376191827
XLRE,US10Y,0.75,0.00579016103637055,-0.0025641234554277994,-4.575989683048213,0.04194049169510705
XLRE,US10Y,0.9,0.011659332913854585,-0.0027062901265644296,-2.666505592212579,0.0338629047658906
XLRE,US10Y,0.95,0.015796653608565803,-0.001622007477746663,-1.3788060382492884,0.02205558887694592
XLRE,US10Y,0.99,0.020057506130715153,-0.0006734416689633282,-0.4175653638716568,0.0056478304814258085
XLRE,VIX,0.01,-0.02347232297552541,-0.006893758358932747,-4.379280802867282,0.27731003077083705
XLRE,VIX,0.05,-0.014679572828308588,-0.008049414766833251,-4.112107149372524,0.24086779421794524
XLRE,VIX,0.1,-0.011163739626500916,-0.007089727624951652,-11.022517141079824,0.18653664536593428
XLRE,VIX,0.25,-0.00460436083270638,-0.00587256643033048,-8.229281352400932,0.13332419395220874
XLRE,VIX,0.5,0.0007516282252622046,-0.004976591234263088,-9.1463546495364,0.09973564800304557
XLRE,VIX,0.75,0.005909787935870922,-0.0054414310760521716,-8.792769520122294,0.1293961434467248
XLRE,VIX,0.9,0.011361261041666107,-0.005077573107859288,-7.749177494716995,0.15015652405853008
XLRE,VIX,0.95,0.014142035414856913,-0.0047601620902863176,-2.467221749848833,0.1683688728829329
XLRE,VIX,0.99,0.018817313827095086,-0.00422664845303298,-1.2233451812233536,0.3274598361687474
XLC,OIL,0.01,-0.03239201882033726,0.0056726626507828965,0.7283772675060644,0.18652583560916913
XLC,OIL,0.05,-0.01642732879672549,0.0014804423851132163,0.7558804017025922,0.006540921008082234
XLC,OIL,0.1,-0.011329324641598838,0.0004987453250740127,0.4257215278538325,0.0013083221546511536
XLC,OIL,0.25,-0.004919830453520846,-0.0007863716060311949,-1.2085598061875802,0.0048955901448245465
XLC,OIL,0.5,0.0013491572886458335,-0.0015479410725296042,-2.612944033005587,0.010618002932692994
XLC,OIL,0.75,0.006468745409494097,-0.0018423344550698249,-3.4096396561774593,0.01931035711902218
XLC,OIL,0.9,0.011355903851278727,-0.001377134117879838,-2.391565159132939,0.022876855903821047
XLC,OIL,0.95,0.014365207643916956,-0.0012244505840943204,-1.795159253042007,0.01053000405517246
XLC,OIL,0.99,0.024426773118315634,0.0011191777099638215,0.2131590377097146,0.025070790785673203
XLC,DXY,0.01,-0.02743910595423019,0.004820934292720179,1.1728014650116065,0.09493109273699074
XLC,DXY,0.05,-0.01593457646445286,0.002764763123239534,1.3744031483122274,0.03153493724475942
XLC,DXY,0.1,-0.012110940256907381,0.0016762702515956134,1.0770085953594266,0.018521994137446485
XLC,DXY,0.25,-0.004980748640969308,-0.0001764064440619443,-0.22894917282056734,0.0003907480923606155
XLC,DXY,0.5,0.0013845395595552593,-0.0020431309304660473,-3.626958338217881,0.01082551377781471
XLC,DXY,0.75,0.00618148230860182,-0.0016011212200325812,-3.0177980214944187,0.025051359801024797
XLC,DXY,0.9,0.011583112278316751,-0.0013425575859497961,-1.5253731419150292,0.005894264311350761
XLC,DXY,0.95,0.015206275812513883,0.0003200786827310618,0.2884604572073916,0.0009056940569713845
XLC,DXY,0.99,0.025702746521526414,-5.587247307302672e-06,-0.002345617090730373,0.007965322848939582
XLC,US2Y,0.01,-0.030404074704223776,0.004467019202085978,0.6036901887516112,0.11469374875166827
XLC,US2Y,0.05,-0.015750205378302733,0.0008625947568030638,0.6493142259601192,0.0042121893483186845
XLC,US2Y,0.1,-0.01115501518885391,-0.0012224643080152957,-1.176946127527633,0.002046900651400785
XLC,US2Y,0.25,-0.004840639580667934,-0.0009528916083132858,-1.4595434828270089,0.005685255460306071
XLC,US2Y,0.5,0.0012214470151043605,-0.0010454585684592315,-1.7829611371730787,0.011923750329068228
XLC,US2Y,0.75,0.006356718857226287,-0.0010288960962443199,-1.6032850575229687,0.005763318346116986
XLC,US2Y,0.9,0.011723877812558355,-0.0007330727570784634,-0.6310064663105419,0.003148104711908739
XLC,US2Y,0.95,0.014974106257066404,0.00026670025593272063,0.1660082435972377,0.0008520605495386802
XLC,US2Y,0.99,0.02562129748043804,0.003544772746110356,0.6842283795059952,0.09339260249341819
XLC,US10Y,0.01,-0.030523895268640574,0.005177882402321711,1.0759928690586147,0.12899949534132094
XLC,US10Y,0.05,-0.01646695934469729,0.0011970425712915296,0.5733645034656983,0.017400759845838443
XLC,US10Y,0.1,-0.010800520877390944,0.00044248854002569495,0.3202144962607703,0.0013766721624903777
XLC,US10Y,0.25,-0.005015332801990068,-0.0004791535063677162,-0.6463645908689974,0.0009960861341485883
XLC,US10Y,0.5,0.0011075559167891154,-0.001471122376391226,-2.5092962632941207,0.008713687143173665
XLC,US10Y,0.75,0.006245130782503296,-0.0013790859472085652,-2.3057178640370304,0.014389866039774768
XLC,US10Y,0.9,0.011555405010255688,-0.0016946092230492528,-1.7608587301366763,0.011166001806825698
XLC,US10Y,0.95,0.014888394264003294,-0.0005057125684537849,-0.38326502339802454,0.004414270779811602
XLC,US10Y,0.99,0.027677445069721952,0.0040733027735558895,1.0927398435025428,0.04711298554453025
XLC,VIX,0.01,-0.018376970323175725,-0.008012124455239314,-3.4944499552405537,0.5655598246295568
XLC,VIX,0.05,-0.011082685847210809,-0.008181074842187322,-5.672191361696094,0.3549090222917409
XLC,VIX,0.1,-0.00778918127880331,-0.008243016456980912,-12.126622726905861,0.3369016075456911
XLC,VIX,0.25,-0.003894567936066446,-0.00878297295932704,-18.83385050581296,0.2980590447136563
XLC,VIX,0.5,0.0006574760108339802,-0.008332994413031605,-17.822636334247687,0.2774344480037714
XLC,VIX,0.75,0.004965127221508739,-0.008868052636890717,-15.851144617074574,0.2765049023137405
XLC,VIX,0.9,0.009026622154123247,-0.00863102707377189,-8.816386846354886,0.3129637971922131
XLC,VIX,0.95,0.011753059759057237,-0.008321028906485029,-5.020273107316287,0.3570776451793054
XLC,VIX,0.99,0.01583845075627706,-0.007854819035985462,-2.855889610685399,0.5439998597405038
